Pos,ID,Name,BV,SV,Team,13_xMins,14_xMins,15_xMins,16_xMins,17_xMins,18_xMins,19_xMins,20_xMins,21_xMins,22_xMins,13_Pts,14_Pts,15_Pts,16_Pts,17_Pts,18_Pts,19_Pts,20_Pts,21_Pts,22_Pts
G,1,Raya,5.9,5.9,Arsenal,89.10,89.10,89.10,89.10,89.10,89.10,89.10,89.10,89.10,89.10,3.57,4.46,3.83,4.56,4.10,4.04,4.17,3.89,3.78,4.12
G,2,Arrizabalaga,4.2,4.2,Arsenal,1.20,1.20,1.20,1.20,1.20,1.20,1.20,1.20,1.20,1.20,0.04,0.05,0.05,0.05,0.05,0.05,0.05,0.05,0.05,0.05
G,4,Setford,4.0,4.0,Arsenal,0.00,0.00,0.00,0.00,0.00,0.00,0.00,0.00,0.00,0.00,0.00,0.00,0.00,0.00,0.00,0.00,0.00,0.00,0.00,0.00
D,5,Gabriel,6.4,6.4,Arsenal,0.00,0.00,0.00,0.00,84.45,84.45,84.45,84.45,84.45,84.45,0.00,0.00,0.00,0.00,4.91,4.79,5.11,4.77,4.44,4.86
D,6,Saliba,6.0,6.0,Arsenal,87.45,87.45,87.45,87.45,84.45,84.45,84.45,84.45,84.45,84.45,3.53,4.73,4.21,5.02,4.29,4.18,4.36,4.03,3.75,4.20
D,7,Calafiori,5.8,5.8,Arsenal,76.80,76.80,76.80,76.80,74.70,74.70,74.70,74.70,74.70,74.70,3.40,4.69,3.87,5.04,4.00,4.28,4.32,3.91,3.76,4.17
D,8,J.Timber,6.3,6.3,Arsenal,82.50,82.50,82.50,82.50,82.50,82.50,82.50,82.50,82.50,82.50,3.36,4.70,3.92,5.02,4.03,4.27,4.33,3.90,3.72,4.18
D,10,Lewis-Skelly,5.1,5.1,Arsenal,24.60,24.60,24.60,24.60,14.85,14.85,14.85,14.85,14.85,14.85,0.88,1.06,0.96,1.13,0.58,0.61,0.60,0.57,0.56,0.59
D,11,White,5.3,5.3,Arsenal,8.55,8.55,8.55,8.55,8.55,8.55,8.55,8.55,8.55,8.55,0.38,0.47,0.41,0.49,0.42,0.43,0.44,0.41,0.40,0.42
D,12,Zinchenko,4.9,4.9,Nott'm Forest,28.35,28.35,28.35,28.35,28.35,28.35,28.35,28.35,28.35,28.35,1.20,1.31,1.16,1.24,1.15,0.94,1.27,1.09,1.25,1.01
D,13,Clarke,3.8,3.8,Arsenal,0.00,0.00,0.00,0.00,0.00,0.00,0.00,0.00,0.00,0.00,0.00,0.00,0.00,0.00,0.00,0.00,0.00,0.00,0.00,0.00
D,15,Nichols,3.8,3.8,Arsenal,0.00,0.00,0.00,0.00,0.00,0.00,0.00,0.00,0.00,0.00,0.00,0.00,0.00,0.00,0.00,0.00,0.00,0.00,0.00,0.00
M,16,Saka,10.1,10.1,Arsenal,84.15,84.15,79.05,79.05,79.05,79.05,79.05,79.05,79.05,79.05,5.01,6.54,5.14,6.69,5.07,5.81,5.60,5.23,5.35,5.39
M,17,Ødegaard,7.8,7.8,Arsenal,38.70,45.45,73.80,73.80,73.80,73.80,73.80,73.80,73.80,73.80,1.82,2.71,3.66,4.71,3.69,4.14,4.10,3.80,3.84,3.89
M,18,Madueke,6.8,6.8,Arsenal,47.40,27.30,21.00,21.00,21.00,21.00,21.00,21.00,21.00,21.00,2.26,1.68,1.11,1.39,1.10,1.23,1.21,1.12,1.16,1.15
M,19,Martinelli,6.8,6.8,Arsenal,19.20,8.25,12.15,12.15,12.15,12.15,12.15,12.15,12.15,12.15,1.01,0.55,0.67,0.86,0.67,0.76,0.74,0.70,0.70,0.71
M,20,Trossard,6.9,6.9,Arsenal,12.15,34.05,39.00,39.00,39.00,39.00,39.00,39.00,39.00,39.00,0.57,2.03,1.98,2.47,1.98,2.19,2.18,2.01,2.08,2.05
M,21,Rice,7.0,7.0,Arsenal,84.75,84.75,79.50,79.50,79.50,79.50,79.50,79.50,79.50,79.50,3.98,4.77,3.96,4.74,3.92,4.30,4.21,3.94,4.01,4.04
M,22,Merino,5.9,5.9,Arsenal,80.55,51.45,27.30,27.30,27.30,27.30,27.30,27.30,27.30,27.30,3.90,3.00,1.39,1.70,1.33,1.47,1.46,1.38,1.37,1.40
M,24,Nørgaard,5.2,5.2,Arsenal,5.70,5.70,5.70,5.70,5.70,5.70,5.70,5.70,5.70,5.70,0.22,0.24,0.22,0.24,0.22,0.23,0.23,0.22,0.22,0.23
M,25,Nwaneri,5.1,5.1,Arsenal,17.55,17.55,9.45,9.45,9.45,9.45,9.45,9.45,9.45,9.45,0.82,0.98,0.46,0.54,0.45,0.50,0.49,0.46,0.47,0.47
M,26,Zubimendi,5.4,5.4,Arsenal,81.75,81.75,81.75,81.75,81.75,81.75,81.75,81.75,81.75,81.75,2.87,3.25,2.95,3.35,2.97,3.14,3.12,2.96,2.97,3.09
M,27,Nelson,4.8,4.8,Brentford,3.45,0.00,3.45,3.45,35.40,47.55,47.55,47.55,47.55,47.55,0.22,0.00,0.18,0.20,1.94,2.62,2.63,2.31,2.76,2.22
F,30,Havertz,7.3,7.3,Arsenal,9.90,14.85,22.35,22.35,22.35,22.35,22.35,22.35,22.35,22.35,0.50,0.92,1.21,1.51,1.19,1.34,1.30,1.25,1.26,1.21
F,31,G.Jesus,6.4,6.4,Arsenal,9.15,9.15,9.15,9.15,9.15,9.15,9.15,9.15,9.15,9.15,0.50,0.61,0.52,0.66,0.52,0.59,0.57,0.53,0.55,0.53
G,32,Martinez,5.0,5.0,Aston Villa,89.10,89.10,89.10,89.10,89.10,89.10,89.10,89.10,89.10,89.10,3.96,2.82,2.86,3.51,3.06,2.78,2.46,3.71,3.16,3.59
G,33,M.Bizot,4.3,4.3,Aston Villa,0.90,0.90,0.90,0.90,0.90,0.90,0.90,0.90,0.90,0.90,0.04,0.03,0.03,0.03,0.03,0.03,0.02,0.04,0.03,0.03
D,36,Cash,4.6,4.6,Aston Villa,84.00,84.00,84.00,84.00,84.00,84.00,84.00,84.00,84.00,84.00,4.28,2.87,2.67,3.66,3.18,2.55,2.24,3.86,3.03,3.71
D,37,Digne,4.5,4.5,Aston Villa,76.35,76.35,76.35,76.35,76.35,76.35,76.35,76.35,76.35,76.35,4.50,3.01,2.76,3.81,3.34,2.65,2.27,4.05,3.15,3.87
D,38,Konsa,4.4,4.4,Aston Villa,84.75,84.75,84.75,84.75,84.75,84.75,84.75,84.75,84.75,84.75,4.00,2.70,2.59,3.45,2.97,2.39,2.17,3.60,2.82,3.58
D,39,Maatsen,4.2,4.2,Aston Villa,27.90,27.90,27.90,27.90,27.90,27.90,27.90,27.90,27.90,27.90,1.31,1.06,0.99,1.20,1.11,0.98,0.90,1.22,1.07,1.19
D,40,Mings,4.4,4.4,Aston Villa,0.00,0.00,0.00,0.00,0.00,0.00,0.00,13.65,13.65,13.65,0.00,0.00,0.00,0.00,0.00,0.00,0.00,0.63,0.55,0.62
D,41,Pau,4.3,4.3,Aston Villa,82.95,82.95,82.95,82.95,82.95,82.95,82.95,76.65,76.65,76.65,3.91,2.73,2.66,3.40,3.01,2.47,2.32,3.40,2.82,3.38
D,42,A.García,3.9,3.9,Aston Villa,0.00,0.00,0.00,0.00,0.00,0.00,0.00,0.00,0.00,0.00,0.00,0.00,0.00,0.00,0.00,0.00,0.00,0.00,0.00,0.00
D,44,Bogarde,4.0,4.0,Aston Villa,9.30,9.30,9.30,9.30,9.30,9.30,9.30,9.30,9.30,9.30,0.35,0.31,0.30,0.34,0.33,0.30,0.29,0.34,0.31,0.33
D,45,Sousa,3.9,3.9,Aston Villa,0.30,0.30,0.30,0.30,0.30,0.30,0.30,0.30,0.30,0.30,0.01,0.01,0.01,0.01,0.01,0.01,0.01,0.01,0.01,0.01
M,47,Rogers,6.9,6.9,Aston Villa,85.35,85.35,85.35,85.35,85.35,85.35,85.35,85.35,85.35,85.35,4.58,3.50,3.05,4.01,3.84,3.30,2.78,4.01,3.43,3.74
M,48,Tielemans,5.9,5.9,Aston Villa,81.90,81.90,81.90,81.90,81.90,81.90,81.90,81.90,81.90,81.90,4.23,3.59,3.18,3.76,3.67,3.42,2.99,3.96,3.51,3.73
M,50,Buendía,5.3,5.3,Aston Villa,48.75,45.00,45.00,45.00,47.70,54.30,54.30,54.30,54.30,54.30,2.97,2.19,1.95,2.51,2.53,2.50,2.17,2.99,2.59,2.84
M,52,J.Ramsey,5.3,5.3,Newcastle,16.50,12.90,12.90,12.90,12.90,12.90,12.90,12.90,12.90,12.90,0.67,0.58,0.62,0.55,0.56,0.53,0.61,0.56,0.60,0.59
M,53,Malen,5.1,5.1,Aston Villa,58.80,45.00,45.00,45.00,53.70,61.80,61.80,61.80,61.80,61.80,3.71,2.29,2.03,2.60,2.95,2.93,2.48,3.57,3.01,3.39
M,54,McGinn,5.4,5.4,Aston Villa,73.65,73.65,73.65,73.65,73.50,73.65,73.65,73.65,73.65,73.65,3.70,2.97,2.68,3.28,3.16,2.79,2.47,3.35,2.93,3.18
M,55,Barkley,4.8,4.8,Aston Villa,17.55,17.55,17.55,17.55,17.55,17.55,17.55,17.55,17.55,17.55,0.87,0.75,0.69,0.81,0.79,0.73,0.65,0.81,0.74,0.78
M,58,Kamara,4.9,4.9,Aston Villa,72.30,72.30,72.30,72.30,72.30,72.30,72.30,72.30,72.30,72.30,2.73,2.50,2.34,2.60,2.57,2.46,2.25,2.68,2.44,2.59
M,59,Onana,4.8,4.8,Aston Villa,24.75,24.75,24.75,24.75,24.75,24.75,24.75,24.75,24.75,24.75,1.09,0.95,0.89,1.01,0.99,0.93,0.87,1.00,0.93,0.98
M,60,Broggio,4.5,4.5,Aston Villa,0.30,0.30,0.30,0.30,0.30,0.30,0.30,0.30,0.30,0.30,0.02,0.01,0.01,0.01,0.01,0.01,0.01,0.01,0.01,0.01
M,62,Jimoh-Aloba,4.5,4.5,Aston Villa,0.00,0.00,0.00,0.00,0.00,0.00,0.00,0.00,0.00,0.00,0.00,0.00,0.00,0.00,0.00,0.00,0.00,0.00,0.00,0.00
M,63,Young,4.4,4.4,Aston Villa,0.30,0.30,0.30,0.30,0.30,0.30,0.30,0.30,0.30,0.30,0.02,0.01,0.01,0.01,0.01,0.01,0.01,0.01,0.01,0.01
F,64,Watkins,8.5,8.5,Aston Villa,76.05,76.05,76.05,76.05,76.05,76.05,76.05,76.05,76.05,76.05,4.58,3.67,3.19,4.06,3.93,3.39,2.85,4.00,3.63,3.85
G,67,Petrović,4.5,4.5,Bournemouth,89.10,89.10,89.10,89.10,89.10,89.10,89.10,89.10,89.10,89.10,3.53,3.65,3.21,2.72,4.17,3.18,2.85,2.88,3.49,2.99
G,68,Dennis,4.0,4.0,Bournemouth,0.90,0.90,0.90,0.90,0.90,0.90,0.90,0.90,0.90,0.90,0.03,0.03,0.03,0.03,0.04,0.03,0.03,0.03,0.03,0.03
G,69,McKenna,4.0,4.0,Bournemouth,0.00,0.00,0.00,0.00,0.00,0.00,0.00,0.00,0.00,0.00,0.00,0.00,0.00,0.00,0.00,0.00,0.00,0.00,0.00,0.00
D,72,Senesi,5.0,5.0,Bournemouth,85.95,85.95,85.95,85.95,85.95,85.95,85.95,85.95,85.95,85.95,4.38,4.66,3.75,3.63,5.21,4.11,3.39,3.60,4.34,3.72
D,73,Smith,4.4,4.4,Bournemouth,14.85,14.85,14.85,14.85,14.85,14.85,14.85,14.85,14.85,14.85,0.51,0.53,0.49,0.46,0.58,0.49,0.45,0.46,0.52,0.48
D,74,Truffert,4.5,4.5,Bournemouth,85.20,85.20,85.20,85.20,85.20,85.20,85.20,85.20,85.20,85.20,3.60,3.87,3.05,2.73,4.66,3.25,2.56,2.69,3.57,2.94
D,75,Akinmboni,3.9,3.9,Bournemouth,0.00,0.00,0.00,0.00,0.00,0.00,0.00,0.00,0.00,0.00,0.00,0.00,0.00,0.00,0.00,0.00,0.00,0.00,0.00,0.00
D,76,Bevan,3.9,3.9,Bournemouth,0.00,0.00,0.00,0.00,0.00,0.00,0.00,0.00,0.00,0.00,0.00,0.00,0.00,0.00,0.00,0.00,0.00,0.00,0.00,0.00
D,77,Hill,4.0,4.0,Bournemouth,14.85,14.85,14.85,14.85,14.85,14.85,14.85,14.85,14.85,14.85,0.57,0.59,0.54,0.52,0.64,0.55,0.50,0.51,0.58,0.53
D,78,J.Araujo,3.9,3.9,Bournemouth,1.65,1.65,1.65,1.65,1.65,1.65,1.65,1.65,1.65,1.65,0.07,0.07,0.06,0.06,0.08,0.06,0.06,0.06,0.07,0.06
D,80,Soler,4.0,4.0,Bournemouth,2.85,2.85,2.85,2.85,2.85,2.85,2.85,2.85,2.85,2.85,0.13,0.13,0.12,0.12,0.14,0.13,0.12,0.12,0.13,0.12
M,81,Kluivert,7.0,7.0,Bournemouth,0.00,46.50,46.50,46.50,53.25,53.25,53.25,53.25,53.25,53.25,0.00,2.59,2.48,2.30,3.50,2.75,2.51,2.28,2.98,2.66
M,82,Semenyo,7.9,7.9,Bournemouth,64.80,86.70,86.70,86.70,86.70,86.70,86.70,86.70,86.70,86.70,3.58,4.79,4.51,4.25,5.71,4.42,4.00,3.61,4.79,4.30
M,83,O.Dango,6.0,6.0,Brentford,77.85,74.40,77.85,77.85,35.10,0.00,0.00,0.00,0.00,0.00,5.22,2.88,3.98,4.69,2.01,0.00,0.00,0.00,0.00,0.00
M,84,Tavernier,5.5,5.5,Bournemouth,83.25,82.20,82.20,82.20,83.55,83.55,83.55,83.55,83.55,83.55,4.23,4.22,4.07,3.76,5.02,3.96,3.63,3.33,4.27,3.86
M,85,Adams,5.0,5.0,Bournemouth,83.40,83.40,83.40,83.40,83.40,83.40,83.40,83.40,83.40,83.40,3.17,3.24,3.21,3.12,3.42,3.11,3.12,2.91,3.32,3.16
M,86,Brooks,5.0,5.0,Bournemouth,76.20,46.20,46.20,46.20,52.80,52.80,52.80,52.80,52.80,52.80,3.42,2.20,2.13,1.98,2.92,2.37,2.18,2.01,2.52,2.30
M,87,Christie,5.0,5.0,Bournemouth,22.35,22.35,22.35,22.35,22.35,22.35,22.35,22.35,22.35,22.35,0.98,1.01,0.98,0.94,1.07,0.96,0.94,0.87,1.01,0.94
M,88,Cook,4.9,4.9,Bournemouth,32.85,32.85,32.85,32.85,32.85,32.85,32.85,32.85,32.85,32.85,1.36,1.41,1.36,1.32,1.50,1.34,1.31,1.23,1.42,1.34
M,90,Scott,5.0,5.0,Bournemouth,69.30,69.30,69.30,69.30,69.30,69.30,69.30,69.30,69.30,69.30,2.97,3.03,2.92,2.86,3.36,2.89,2.80,2.61,3.07,2.86
F,97,Evanilson,7.0,7.0,Bournemouth,77.85,77.85,77.85,77.85,77.85,77.85,77.85,77.85,77.85,77.85,3.57,3.86,3.68,3.50,4.40,3.65,3.33,3.02,3.78,3.59
F,98,Enes Ünal,5.4,5.4,Bournemouth,5.40,5.40,5.40,5.40,5.40,5.40,5.40,5.40,5.40,5.40,0.30,0.31,0.30,0.28,0.36,0.30,0.27,0.26,0.31,0.29
F,100,Kroupi.Jr,4.6,4.6,Bournemouth,55.80,29.85,29.85,29.85,29.85,29.85,29.85,29.85,29.85,29.85,2.71,1.60,1.54,1.47,1.86,1.51,1.42,1.29,1.61,1.46
G,101,Kelleher,4.5,4.5,Brentford,89.10,89.10,89.10,89.10,89.10,89.10,89.10,89.10,89.10,89.10,4.30,2.46,3.19,3.79,3.80,3.54,3.56,3.43,4.07,2.99
G,102,Balcombe,4.0,4.0,Brentford,0.00,0.00,0.00,0.00,0.00,0.00,0.00,0.00,0.00,0.00,0.00,0.00,0.00,0.00,0.00,0.00,0.00,0.00,0.00,0.00
G,103,Cox,4.0,4.0,Brentford,0.00,0.00,0.00,0.00,0.00,0.00,0.00,0.00,0.00,0.00,0.00,0.00,0.00,0.00,0.00,0.00,0.00,0.00,0.00,0.00
G,104,Eyestone,3.9,3.9,Brentford,0.00,0.00,0.00,0.00,0.00,0.00,0.00,0.00,0.00,0.00,0.00,0.00,0.00,0.00,0.00,0.00,0.00,0.00,0.00,0.00
G,105,Valdimarsson,3.9,3.9,Brentford,0.90,0.90,0.90,0.90,0.90,0.90,0.90,0.90,0.90,0.90,0.04,0.02,0.03,0.04,0.04,0.03,0.03,0.03,0.04,0.03
D,106,Collins,4.9,4.9,Brentford,88.95,88.95,88.95,88.95,88.95,88.95,88.95,88.95,88.95,88.95,4.84,2.82,3.61,4.37,4.26,4.05,3.96,3.89,4.43,3.00
D,107,Lewis-Potter,4.8,4.8,Brentford,21.60,39.00,21.60,21.60,75.15,78.60,78.60,78.60,78.60,78.60,1.14,1.13,0.86,1.02,3.66,3.54,3.56,3.17,4.10,2.50
D,108,Ajer,4.4,4.4,Brentford,76.20,76.20,76.20,76.20,76.20,76.20,76.20,76.20,76.20,76.20,4.07,2.06,2.84,3.61,3.45,3.24,3.28,3.04,3.72,2.35
D,109,Henry,4.3,4.3,Brentford,9.30,9.30,9.30,9.30,9.30,9.30,9.30,9.30,9.30,9.30,0.39,0.30,0.34,0.37,0.36,0.36,0.35,0.34,0.38,0.32
D,110,Kayode,4.5,4.5,Brentford,82.65,82.65,82.65,82.65,82.65,82.65,82.65,82.65,82.65,82.65,4.24,1.91,2.84,3.69,3.51,3.24,3.26,2.99,3.82,2.23
D,111,Pinnock,4.3,4.3,Brentford,10.20,10.20,10.20,10.20,31.35,47.40,47.40,47.40,47.40,47.40,0.49,0.38,0.43,0.46,1.57,2.27,2.20,2.22,2.43,1.76
D,113,Van den Berg,4.5,4.5,Brentford,87.15,87.15,87.15,87.15,87.15,87.15,87.15,87.15,87.15,87.15,4.56,2.70,3.40,4.12,4.04,3.82,3.77,3.68,4.19,2.85
D,114,Arthur,3.9,3.9,Brentford,0.00,0.00,0.00,0.00,0.00,0.00,0.00,0.00,0.00,0.00,0.00,0.00,0.00,0.00,0.00,0.00,0.00,0.00,0.00,0.00
D,116,Hickey,4.0,4.0,Brentford,24.45,24.45,24.45,24.45,24.45,24.45,24.45,24.45,24.45,24.45,1.27,0.67,0.89,1.13,1.09,1.02,1.03,0.93,1.14,0.77
M,119,Mbeumo,8.6,8.6,Man Utd,85.35,85.35,85.35,85.35,42.45,0.00,0.00,0.00,0.00,0.00,4.40,5.91,5.15,5.06,2.26,0.00,0.00,0.00,0.00,0.00
M,120,Schade,7.0,7.0,Brentford,83.55,75.75,83.55,83.55,82.50,82.50,82.50,82.50,82.50,82.50,4.95,2.81,3.71,4.38,4.41,4.47,4.38,3.79,4.72,3.73
M,121,Damsgaard,5.8,5.8,Brentford,77.85,77.85,77.85,77.85,82.50,82.50,82.50,82.50,82.50,82.50,4.43,2.77,3.51,3.97,4.04,4.00,4.01,3.61,4.24,3.44
M,122,Milambo,5.2,5.2,Brentford,0.00,0.00,0.00,0.00,0.00,0.00,0.00,0.00,0.00,0.00,0.00,0.00,0.00,0.00,0.00,0.00,0.00,0.00,0.00,0.00
M,123,Carvalho,4.8,4.8,Brentford,0.00,0.00,0.00,0.00,0.00,0.00,0.00,0.00,0.00,0.00,0.00,0.00,0.00,0.00,0.00,0.00,0.00,0.00,0.00,0.00
M,124,Henderson,5.0,5.0,Brentford,78.45,78.45,78.45,78.45,78.45,78.45,78.45,78.45,78.45,78.45,3.12,2.33,2.73,2.94,2.94,2.89,2.92,2.70,2.98,2.63
M,125,Janelt,4.9,4.9,Brentford,20.10,20.10,20.10,20.10,20.10,20.10,20.10,20.10,20.10,20.10,0.86,0.70,0.78,0.82,0.81,0.81,0.80,0.77,0.82,0.76
M,126,Jensen,4.9,4.9,Brentford,12.00,12.00,12.00,12.00,12.00,12.00,12.00,12.00,12.00,12.00,0.60,0.44,0.51,0.56,0.55,0.55,0.54,0.51,0.57,0.50
M,127,Nunes,4.9,4.9,Brentford,8.85,8.85,8.85,8.85,8.85,8.85,8.85,8.85,8.85,8.85,0.47,0.34,0.40,0.43,0.43,0.42,0.42,0.39,0.44,0.38
M,128,Onyeka,4.9,4.9,Brentford,10.05,10.05,10.05,10.05,0.00,0.00,0.00,0.00,0.00,0.00,0.43,0.34,0.38,0.41,0.00,0.00,0.00,0.00,0.00,0.00
M,129,Yarmoliuk,5.0,5.0,Brentford,81.90,81.90,81.90,81.90,81.90,81.90,81.90,81.90,81.90,81.90,3.39,2.69,3.12,3.16,3.19,3.23,3.22,3.03,3.18,2.98
M,130,Donovan,4.5,4.5,Brentford,0.00,0.00,0.00,0.00,0.00,0.00,0.00,0.00,0.00,0.00,0.00,0.00,0.00,0.00,0.00,0.00,0.00,0.00,0.00,0.00
M,131,Konak,4.4,4.4,Brentford,0.00,0.00,0.00,0.00,0.00,0.00,0.00,0.00,0.00,0.00,0.00,0.00,0.00,0.00,0.00,0.00,0.00,0.00,0.00,0.00
M,132,Maghoma,4.5,4.5,Brentford,0.00,0.00,0.00,0.00,0.00,0.00,0.00,0.00,0.00,0.00,0.00,0.00,0.00,0.00,0.00,0.00,0.00,0.00,0.00,0.00
M,133,Peart-Harris,4.4,4.4,Brentford,0.00,0.00,0.00,0.00,0.00,0.00,0.00,0.00,0.00,0.00,0.00,0.00,0.00,0.00,0.00,0.00,0.00,0.00,0.00,0.00
F,135,Wissa,7.3,7.3,Newcastle,0.00,0.00,40.80,40.80,0.00,0.00,0.00,0.00,0.00,0.00,0.00,0.00,2.83,2.28,0.00,0.00,0.00,0.00,0.00,0.00
F,136,Thiago,6.6,6.6,Brentford,82.65,82.65,82.65,82.65,82.65,82.65,82.65,82.65,82.65,82.65,5.11,2.90,3.82,4.70,4.39,4.44,4.46,3.84,4.70,3.80
F,137,Morgan,4.4,4.4,Brentford,0.00,0.00,0.00,0.00,0.00,0.00,0.00,0.00,0.00,0.00,0.00,0.00,0.00,0.00,0.00,0.00,0.00,0.00,0.00,0.00
G,138,Steele,4.3,4.3,Brighton,0.90,0.90,0.90,0.90,0.90,0.90,0.90,0.90,0.90,0.90,0.04,0.04,0.04,0.03,0.04,0.03,0.04,0.04,0.03,0.04
G,139,Verbruggen,4.4,4.4,Brighton,89.10,89.10,89.10,89.10,89.10,89.10,89.10,89.10,89.10,89.10,3.11,3.18,3.66,2.39,3.67,2.25,3.30,3.92,2.12,3.24
G,140,McGill,4.0,4.0,Brighton,0.00,0.00,0.00,0.00,0.00,0.00,0.00,0.00,0.00,0.00,0.00,0.00,0.00,0.00,0.00,0.00,0.00,0.00,0.00,0.00
D,143,Boscagli,4.2,4.2,Brighton,4.20,4.20,4.20,4.20,4.20,4.20,4.20,4.20,4.20,4.20,0.16,0.17,0.19,0.15,0.18,0.14,0.17,0.20,0.13,0.17
D,144,Coppola,4.3,4.3,Brighton,4.50,4.50,4.50,4.50,4.50,4.50,4.50,4.50,4.50,4.50,0.17,0.17,0.18,0.15,0.18,0.15,0.18,0.19,0.14,0.17
D,145,De Cuyper,4.3,4.3,Brighton,29.10,29.10,29.10,29.10,29.10,29.10,29.10,29.10,29.10,29.10,1.25,1.32,1.49,1.00,1.43,0.93,1.34,1.58,0.88,1.32
D,146,Dunk,4.5,4.5,Brighton,85.20,85.20,85.20,85.20,85.20,85.20,85.20,85.20,85.20,85.20,3.08,3.35,3.82,2.24,3.82,2.21,3.43,4.23,1.79,3.29
D,148,F.Kadıoğlu,4.4,4.4,Brighton,78.45,78.45,78.45,78.45,78.45,78.45,78.45,78.45,78.45,78.45,2.98,3.21,3.74,2.12,3.70,2.03,3.28,4.11,1.75,3.18
D,149,Igor,4.5,4.5,West Ham,30.60,14.70,0.00,14.70,14.70,14.70,0.00,14.70,14.70,14.70,1.06,0.49,0.00,0.57,0.41,0.58,0.00,0.60,0.59,0.52
D,151,Van Hecke,4.4,4.4,Brighton,86.70,86.70,86.70,86.70,86.70,86.70,86.70,86.70,86.70,86.70,3.59,3.96,4.36,2.82,4.24,2.77,3.91,4.63,2.26,3.87
D,152,Veltman,4.3,4.3,Brighton,24.45,24.45,24.45,24.45,24.45,24.45,24.45,24.45,24.45,24.45,1.02,1.07,1.17,0.82,1.15,0.81,1.10,1.26,0.72,1.06
D,153,Webster,4.4,4.4,Brighton,0.00,0.00,0.00,0.00,0.00,0.00,0.00,0.00,0.00,0.00,0.00,0.00,0.00,0.00,0.00,0.00,0.00,0.00,0.00,0.00
D,156,Tasker,3.9,3.9,Brighton,0.30,0.30,0.30,0.30,0.30,0.30,0.30,0.30,0.30,0.30,0.01,0.01,0.01,0.01,0.01,0.01,0.01,0.01,0.01,0.01
M,157,Mitoma,6.1,6.1,Brighton,37.05,43.95,80.10,80.10,80.10,80.10,80.10,80.10,80.10,80.10,1.82,2.18,4.46,3.26,4.25,2.84,4.02,4.64,3.07,3.96
M,158,Georginio,5.7,5.7,Brighton,74.40,74.40,74.40,74.40,74.40,74.40,74.40,74.40,74.40,74.40,3.49,3.66,4.18,3.06,3.97,2.71,3.74,4.27,2.87,3.70
M,159,March,5.8,5.8,Brighton,11.70,11.70,11.70,11.70,11.70,11.70,11.70,11.70,11.70,11.70,0.54,0.56,0.62,0.49,0.59,0.45,0.56,0.62,0.47,0.57
M,160,Minteh,6.2,6.2,Brighton,84.30,84.30,84.30,84.30,84.30,84.30,84.30,84.30,84.30,84.30,3.87,4.23,4.71,3.44,4.47,2.97,4.21,4.95,3.19,4.20
M,162,Gruda,5.4,5.4,Brighton,32.40,32.40,26.10,26.10,26.10,26.10,26.10,26.10,26.10,26.10,1.59,1.70,1.53,1.18,1.45,1.05,1.39,1.59,1.11,1.38
M,163,Hinshelwood,5.1,5.1,Brighton,23.70,23.70,23.70,23.70,31.05,49.05,49.05,49.05,49.05,49.05,0.90,0.93,0.99,0.84,1.20,1.46,1.79,2.00,1.51,1.79
M,166,Ayari,4.9,4.9,Brighton,80.70,80.70,80.70,80.70,74.10,76.95,76.95,76.95,76.95,76.95,3.40,3.53,3.72,3.08,3.33,2.72,3.36,3.70,2.85,3.42
M,167,Baleba,4.7,4.7,Brighton,67.50,67.50,67.50,67.50,35.40,0.00,0.00,0.00,0.00,0.00,2.70,2.76,2.85,2.48,1.46,0.00,0.00,0.00,0.00,0.00
M,168,Buonanotte,4.7,4.7,Chelsea,3.75,3.75,3.75,3.75,3.75,3.75,3.75,3.75,3.75,3.75,0.17,0.20,0.19,0.20,0.18,0.20,0.21,0.16,0.19,0.21
M,169,Gomez,4.9,4.9,Brighton,73.05,63.30,34.35,34.35,42.90,42.90,42.90,42.90,42.90,42.90,3.20,2.91,1.75,1.39,2.05,1.57,1.98,2.21,1.64,1.97
M,170,Milner,4.9,4.9,Brighton,9.30,9.30,9.30,9.30,19.80,30.45,30.45,30.45,30.45,30.45,0.37,0.38,0.41,0.35,0.83,1.01,1.24,1.38,1.04,1.25
M,172,Watson,4.8,4.8,Brighton,2.70,2.70,2.70,2.70,2.70,2.70,2.70,2.70,2.70,2.70,0.13,0.14,0.15,0.12,0.15,0.11,0.14,0.16,0.12,0.14
M,173,Wieffer,4.9,4.9,Brighton,70.20,70.20,70.20,70.20,70.20,70.20,70.20,70.20,70.20,70.20,2.98,3.05,3.10,2.79,3.07,2.57,2.97,3.21,2.65,3.04
M,175,Knight,4.5,4.5,Brighton,0.00,0.00,0.00,0.00,0.00,0.00,0.00,0.00,0.00,0.00,0.00,0.00,0.00,0.00,0.00,0.00,0.00,0.00,0.00,0.00
F,178,Welbeck,6.6,6.6,Brighton,79.80,79.80,79.80,79.80,79.80,79.80,79.80,79.80,79.80,79.80,3.88,4.31,4.81,3.50,4.48,3.02,4.25,4.98,3.27,4.25
F,180,Tzimas,5.3,5.3,Brighton,8.85,8.85,8.85,8.85,8.85,8.85,8.85,8.85,8.85,8.85,0.50,0.52,0.57,0.46,0.54,0.40,0.53,0.59,0.42,0.51
F,181,Kostoulas,4.8,4.8,Brighton,2.70,2.70,2.70,2.70,2.70,2.70,2.70,2.70,2.70,2.70,0.16,0.17,0.19,0.14,0.18,0.13,0.17,0.19,0.14,0.16
G,182,Trafford,4.6,4.6,Man City,0.90,0.90,0.90,0.90,0.90,0.90,0.90,0.90,0.90,0.90,0.04,0.03,0.04,0.03,0.04,0.04,0.04,0.03,0.03,0.03
G,183,Weiss,4.3,4.3,Burnley,0.90,0.90,0.90,0.90,0.90,0.90,0.90,0.90,0.90,0.90,0.03,0.03,0.02,0.03,0.03,0.03,0.03,0.02,0.03,0.02
G,185,Hladký,3.9,3.9,Burnley,0.00,0.00,0.00,0.00,0.00,0.00,0.00,0.00,0.00,0.00,0.00,0.00,0.00,0.00,0.00,0.00,0.00,0.00,0.00,0.00
D,186,Roberts,4.4,4.4,Burnley,6.30,6.30,6.30,6.30,6.30,6.30,6.30,6.30,6.30,6.30,0.21,0.22,0.20,0.23,0.21,0.23,0.22,0.21,0.22,0.19
D,187,Walker,4.4,4.4,Burnley,84.90,84.90,84.90,84.90,84.90,84.90,84.90,84.90,84.90,84.90,2.47,2.66,1.99,2.87,2.33,2.92,2.35,2.14,2.35,1.72
D,188,Delcroix,3.8,3.8,Burnley,0.00,0.00,0.00,0.00,0.00,0.00,0.00,0.00,0.00,0.00,0.00,0.00,0.00,0.00,0.00,0.00,0.00,0.00,0.00,0.00
D,190,Ekdal,4.0,4.0,Burnley,8.40,8.40,8.40,8.40,85.80,85.80,85.80,85.80,85.80,85.80,0.32,0.31,0.29,0.32,3.04,3.54,2.92,2.74,2.95,2.39
D,191,Estève,3.9,3.9,Burnley,87.45,87.45,87.45,87.45,87.45,87.45,87.45,87.45,87.45,87.45,3.14,3.24,2.63,3.31,3.03,3.56,2.94,2.74,2.95,2.41
D,192,Hartman,4.0,4.0,Burnley,86.70,86.70,86.70,86.70,86.70,86.70,86.70,86.70,86.70,86.70,2.68,2.88,2.15,3.14,2.57,3.25,2.61,2.35,2.62,1.86
D,193,Humphreys,4.0,4.0,Burnley,2.10,2.10,2.10,2.10,2.10,2.10,2.10,2.10,2.10,2.10,0.08,0.08,0.07,0.08,0.08,0.08,0.08,0.07,0.08,0.07
D,194,Jordan,4.0,4.0,Burnley,0.00,0.00,0.00,0.00,0.00,0.00,0.00,0.00,0.00,0.00,0.00,0.00,0.00,0.00,0.00,0.00,0.00,0.00,0.00,0.00
D,195,Lucas Pires,3.8,3.8,Burnley,2.10,2.10,2.10,2.10,2.10,2.10,2.10,2.10,2.10,2.10,0.08,0.08,0.08,0.08,0.08,0.08,0.08,0.08,0.08,0.08
D,197,Sonne,3.9,3.9,Burnley,4.35,4.35,4.35,4.35,4.35,4.35,4.35,4.35,4.35,4.35,0.16,0.16,0.14,0.17,0.15,0.17,0.15,0.15,0.16,0.14
D,198,Tuanzebe,3.9,3.9,Burnley,85.80,85.80,85.80,85.80,0.00,0.00,0.00,0.00,0.00,0.00,2.93,3.02,2.43,3.11,0.00,0.00,0.00,0.00,0.00,0.00
D,199,Worrall,3.9,3.9,Burnley,4.20,4.20,4.20,4.20,6.90,6.90,6.90,6.90,6.90,6.90,0.14,0.14,0.14,0.15,0.25,0.26,0.24,0.24,0.25,0.23
M,200,Anthony,5.5,5.5,Burnley,81.15,81.15,81.15,81.15,81.15,81.15,81.15,81.15,81.15,81.15,3.49,3.65,3.23,3.81,3.44,3.70,3.61,3.42,3.76,3.14
M,202,Bruun Larsen,5.3,5.3,Burnley,26.10,26.10,26.10,26.10,26.10,26.10,26.10,26.10,26.10,26.10,1.13,1.16,1.05,1.21,1.12,1.19,1.15,1.09,1.19,1.04
M,203,Boateng,4.8,4.8,Burnley,0.00,0.00,0.00,0.00,0.00,0.00,0.00,0.00,0.00,0.00,0.00,0.00,0.00,0.00,0.00,0.00,0.00,0.00,0.00,0.00
M,205,Cullen,5.0,5.0,Burnley,85.20,85.20,85.20,85.20,87.00,87.00,87.00,87.00,87.00,87.00,2.88,2.89,2.89,3.01,3.00,3.04,3.04,2.97,3.01,2.84
M,206,Edwards,4.7,4.7,Burnley,1.50,1.50,1.50,1.50,1.50,1.50,1.50,1.50,1.50,1.50,0.07,0.07,0.07,0.07,0.07,0.07,0.07,0.07,0.07,0.07
M,207,Hannibal,4.8,4.8,Burnley,15.45,15.45,15.45,15.45,0.00,0.00,0.00,0.00,0.00,0.00,0.56,0.57,0.53,0.58,0.00,0.00,0.00,0.00,0.00,0.00
M,209,Laurent,4.9,4.9,Burnley,38.55,38.55,38.55,38.55,54.60,54.60,54.60,54.60,54.60,54.60,1.24,1.26,1.23,1.31,1.77,1.83,1.78,1.76,1.80,1.69
M,210,Tchaouna,4.9,4.9,Burnley,44.40,44.40,44.40,44.40,44.40,44.40,44.40,44.40,44.40,44.40,1.70,1.79,1.58,1.84,1.68,1.82,1.72,1.70,1.79,1.56
M,213,Banel,4.5,4.5,Burnley,0.00,0.00,0.00,0.00,0.00,0.00,0.00,0.00,0.00,0.00,0.00,0.00,0.00,0.00,0.00,0.00,0.00,0.00,0.00,0.00
M,214,Trésor,4.4,4.4,Burnley,0.00,0.00,0.00,0.00,0.00,0.00,0.00,0.00,0.00,0.00,0.00,0.00,0.00,0.00,0.00,0.00,0.00,0.00,0.00,0.00
F,215,Flemming,5.3,5.3,Burnley,76.20,76.20,76.20,76.20,71.10,71.10,71.10,71.10,71.10,71.10,3.14,3.21,2.88,3.36,2.95,3.13,3.04,2.88,3.18,2.75
F,216,Amdouni,4.8,4.8,Burnley,0.00,0.00,0.00,0.00,0.00,0.00,0.00,0.00,0.00,0.00,0.00,0.00,0.00,0.00,0.00,0.00,0.00,0.00,0.00,0.00
F,217,Foster,5.0,5.0,Burnley,20.25,20.25,20.25,20.25,0.00,0.00,0.00,0.00,0.00,0.00,0.93,0.98,0.89,1.01,0.00,0.00,0.00,0.00,0.00,0.00
F,218,Barnes,4.3,4.3,Burnley,0.90,0.90,0.90,0.90,0.90,0.90,0.90,0.90,0.90,0.90,0.04,0.04,0.04,0.04,0.04,0.04,0.04,0.04,0.04,0.04
G,220,Sánchez,4.8,4.8,Chelsea,89.10,89.10,89.10,89.10,89.10,89.10,89.10,89.10,89.10,89.10,3.11,3.55,3.08,3.67,2.78,3.44,3.48,2.38,3.22,3.57
G,221,Jörgensen,4.3,4.3,Chelsea,0.90,0.90,0.90,0.90,0.90,0.90,0.90,0.90,0.90,0.90,0.03,0.03,0.03,0.03,0.03,0.03,0.03,0.02,0.03,0.03
G,223,Slonina,3.9,3.9,Chelsea,0.00,0.00,0.00,0.00,0.00,0.00,0.00,0.00,0.00,0.00,0.00,0.00,0.00,0.00,0.00,0.00,0.00,0.00,0.00,0.00
D,224,Cucurella,6.1,6.1,Chelsea,83.70,83.70,83.70,83.70,83.70,83.70,83.70,83.70,83.70,83.70,3.10,3.95,3.26,4.00,2.89,3.79,3.81,2.19,3.46,3.98
D,225,James,5.6,5.6,Chelsea,51.00,51.00,51.00,51.00,51.00,51.00,51.00,51.00,51.00,51.00,1.87,2.37,2.01,2.37,1.79,2.28,2.30,1.39,2.11,2.39
D,226,Chalobah,5.1,5.1,Chelsea,82.95,82.95,82.95,82.95,82.95,82.95,82.95,82.95,82.95,82.95,3.52,4.32,3.79,4.37,3.35,4.15,4.11,2.51,3.83,4.30
D,227,Colwill,4.8,4.8,Chelsea,0.00,0.00,0.00,0.00,0.00,0.00,0.00,0.00,0.00,0.00,0.00,0.00,0.00,0.00,0.00,0.00,0.00,0.00,0.00,0.00
D,228,Gusto,4.9,4.9,Chelsea,46.20,46.20,46.20,46.20,46.20,46.20,46.20,46.20,46.20,46.20,1.65,2.06,1.75,2.06,1.57,2.00,2.00,1.26,1.84,2.06
D,229,B.Badiashile,4.4,4.4,Chelsea,21.60,21.60,21.60,21.60,21.60,21.60,21.60,21.60,21.60,21.60,0.85,0.99,0.90,1.00,0.82,0.97,0.97,0.67,0.91,0.99
D,230,Fofana,4.4,4.4,Chelsea,35.85,35.85,35.85,35.85,35.85,35.85,35.85,35.85,35.85,35.85,1.28,1.56,1.37,1.58,1.22,1.49,1.49,0.94,1.38,1.52
D,232,Tosin,4.2,4.2,Chelsea,28.20,28.20,28.20,28.20,28.20,28.20,28.20,28.20,28.20,28.20,1.15,1.35,1.22,1.36,1.12,1.30,1.29,0.89,1.23,1.32
D,233,Acheampong,3.9,3.9,Chelsea,17.70,17.70,17.70,17.70,17.70,17.70,17.70,17.70,17.70,17.70,0.67,0.78,0.69,0.78,0.65,0.76,0.76,0.55,0.72,0.78
M,235,Palmer,10.3,10.3,Chelsea,33.90,54.00,77.55,77.55,77.55,77.55,77.55,77.55,77.55,77.55,1.95,3.87,5.02,5.51,4.60,5.51,5.72,4.14,5.08,5.90
M,236,Neto,7.1,7.1,Chelsea,80.70,79.50,77.40,77.40,77.40,77.40,77.40,77.40,77.40,77.40,3.20,3.88,3.46,3.86,3.24,3.79,3.85,2.92,3.54,3.95
M,237,Enzo,6.7,6.7,Chelsea,84.90,84.90,84.90,84.90,84.90,84.90,84.90,84.90,84.90,84.90,3.50,4.11,3.75,4.04,3.57,4.03,4.08,3.19,3.81,4.25
M,238,Estêvão,6.5,6.5,Chelsea,47.55,41.10,24.75,24.75,24.75,24.75,24.75,24.75,24.75,24.75,2.03,2.15,1.22,1.32,1.16,1.32,1.35,1.07,1.22,1.40
M,239,Gittens,6.1,6.1,Chelsea,26.55,24.45,17.10,17.10,17.10,17.10,17.10,17.10,17.10,17.10,1.12,1.22,0.80,0.85,0.76,0.86,0.88,0.69,0.81,0.89
M,241,Caicedo,6.0,6.0,Chelsea,84.90,84.90,84.90,84.90,84.90,84.90,84.90,84.90,84.90,84.90,3.29,3.57,3.53,3.61,3.47,3.66,3.66,3.22,3.48,3.62
M,242,Dewsbury-Hall,4.9,4.9,Everton,85.20,85.20,85.20,83.25,83.25,83.25,83.25,83.25,83.25,83.25,3.67,3.44,3.88,3.23,2.95,3.90,3.56,3.87,4.19,3.35
M,243,George,4.9,4.9,Chelsea,5.25,5.25,5.25,5.25,5.25,5.25,5.25,5.25,5.25,5.25,0.24,0.27,0.26,0.27,0.25,0.27,0.28,0.23,0.26,0.29
M,244,Lavia,4.9,4.9,Chelsea,0.00,0.00,0.00,9.90,9.90,9.90,9.90,9.90,9.90,9.90,0.00,0.00,0.00,0.35,0.34,0.36,0.36,0.33,0.35,0.36
M,245,Mudryk,4.9,4.9,Chelsea,0.00,0.00,0.00,0.00,0.00,0.00,0.00,0.00,0.00,0.00,0.00,0.00,0.00,0.00,0.00,0.00,0.00,0.00,0.00,0.00
M,246,Andrey Santos,4.5,4.5,Chelsea,18.90,18.90,18.90,18.90,18.90,18.90,18.90,18.90,18.90,18.90,0.69,0.77,0.74,0.77,0.72,0.78,0.79,0.67,0.73,0.79
M,247,D.Essugo,4.3,4.3,Chelsea,0.00,0.00,0.00,0.00,0.00,0.00,0.00,0.00,0.00,0.00,0.00,0.00,0.00,0.00,0.00,0.00,0.00,0.00,0.00,0.00
F,249,João Pedro,7.5,7.5,Chelsea,80.70,77.85,77.85,77.85,77.85,77.85,77.85,77.85,77.85,77.85,3.37,4.01,3.77,4.06,3.63,4.06,4.19,3.31,3.79,4.31
F,250,Delap,6.2,6.2,Chelsea,38.25,44.10,34.65,34.65,34.65,34.65,34.65,34.65,34.65,34.65,1.65,2.21,1.69,1.79,1.61,1.84,1.89,1.47,1.70,1.93
F,252,Marc Guiu,4.2,4.2,Chelsea,12.15,12.15,12.15,12.15,12.15,12.15,12.15,12.15,12.15,12.15,0.61,0.72,0.69,0.73,0.65,0.74,0.75,0.61,0.70,0.78
G,253,Henderson,5.0,5.0,Crystal Palace,89.10,89.10,89.10,89.10,89.10,89.10,89.10,89.10,89.10,89.10,3.29,3.87,3.17,2.71,3.25,3.44,3.50,2.69,3.36,3.51
G,254,Benitez,4.0,4.0,Crystal Palace,0.90,0.90,0.90,0.90,0.90,0.90,0.90,0.90,0.90,0.90,0.03,0.04,0.03,0.03,0.03,0.03,0.03,0.03,0.03,0.03
G,255,Matthews,3.9,3.9,Crystal Palace,0.00,0.00,0.00,0.00,0.00,0.00,0.00,0.00,0.00,0.00,0.00,0.00,0.00,0.00,0.00,0.00,0.00,0.00,0.00,0.00
D,256,Muñoz,5.9,5.9,Crystal Palace,87.45,87.45,87.45,87.45,87.45,87.45,87.45,87.45,87.45,87.45,4.06,4.85,3.79,2.86,4.26,4.37,4.54,3.37,4.32,4.29
D,257,Lacroix,5.0,5.0,Crystal Palace,85.20,85.20,85.20,85.20,85.20,85.20,85.20,85.20,85.20,85.20,4.21,4.88,4.07,3.06,4.41,4.34,4.39,3.68,4.46,4.42
D,258,Mitchell,5.0,5.0,Crystal Palace,85.20,85.20,85.20,85.20,85.20,85.20,85.20,85.20,85.20,85.20,3.77,4.55,3.57,2.72,3.95,3.97,4.15,3.11,4.03,4.04
D,259,Sosa,4.8,4.8,Crystal Palace,0.00,6.30,6.30,6.30,6.30,6.30,6.30,6.30,6.30,6.30,0.00,0.29,0.27,0.24,0.28,0.28,0.28,0.25,0.28,0.28
D,260,Guéhi,5.1,5.1,Crystal Palace,86.85,86.85,86.85,86.85,86.85,86.85,86.85,86.85,86.85,86.85,3.87,4.62,3.73,2.71,4.03,4.00,4.13,3.21,4.09,4.08
D,261,Richards,4.6,4.6,Crystal Palace,83.70,83.70,83.70,83.70,83.70,83.70,83.70,83.70,83.70,83.70,4.05,4.68,3.93,2.94,4.20,4.11,4.24,3.47,4.23,4.23
D,262,Chadi Riad,4.0,4.0,Crystal Palace,0.00,0.00,0.00,0.00,0.00,0.00,0.00,0.00,0.00,0.00,0.00,0.00,0.00,0.00,0.00,0.00,0.00,0.00,0.00,0.00
D,263,Clyne,3.8,3.8,Crystal Palace,11.70,11.70,11.70,11.70,11.70,11.70,11.70,11.70,11.70,11.70,0.45,0.48,0.44,0.40,0.45,0.46,0.47,0.42,0.46,0.46
D,265,Kporha,4.0,4.0,Crystal Palace,0.00,0.00,0.00,0.00,0.00,0.00,0.00,0.00,0.00,0.00,0.00,0.00,0.00,0.00,0.00,0.00,0.00,0.00,0.00,0.00
M,266,Eze,7.7,7.7,Arsenal,76.35,72.90,68.10,68.10,68.10,68.10,68.10,68.10,68.10,68.10,3.43,4.24,3.44,4.34,3.43,3.90,3.76,3.51,3.50,3.57
M,267,Sarr,6.7,6.7,Crystal Palace,83.25,83.25,83.25,83.25,0.00,0.00,0.00,0.00,0.00,0.00,4.73,5.00,4.21,3.93,0.00,0.00,0.00,0.00,0.00,0.00
M,268,Doucouré,4.9,4.9,Crystal Palace,0.00,0.00,0.00,0.00,0.00,0.00,0.00,0.00,0.00,0.00,0.00,0.00,0.00,0.00,0.00,0.00,0.00,0.00,0.00,0.00
M,269,Esse,4.7,4.7,Crystal Palace,6.30,6.30,6.30,6.30,18.60,18.60,18.60,18.60,18.60,18.60,0.32,0.33,0.30,0.29,0.91,0.96,0.98,0.84,0.96,0.92
M,270,Hughes,4.8,4.8,Crystal Palace,27.45,27.45,27.45,27.45,42.90,42.90,42.90,42.90,42.90,42.90,0.98,1.01,0.94,0.90,1.45,1.50,1.52,1.39,1.49,1.48
M,271,Kamada,5.0,5.0,Crystal Palace,77.85,77.85,77.85,77.85,77.85,77.85,77.85,77.85,77.85,77.85,3.34,3.55,3.13,2.91,3.26,3.50,3.50,3.13,3.50,3.27
M,272,Lerma,4.9,4.9,Crystal Palace,44.70,44.70,44.70,44.70,74.70,74.70,74.70,74.70,74.70,74.70,1.79,1.84,1.75,1.64,2.96,3.10,3.01,2.90,3.05,2.99
M,273,Wharton,5.0,5.0,Crystal Palace,81.75,81.75,81.75,81.75,81.75,81.75,81.75,81.75,81.75,81.75,3.35,3.47,3.17,2.97,3.21,3.42,3.41,3.15,3.45,3.30
M,274,Agbinone,4.4,4.4,Crystal Palace,0.30,0.30,0.30,0.30,0.30,0.30,0.30,0.30,0.30,0.30,0.01,0.01,0.01,0.01,0.01,0.01,0.01,0.01,0.01,0.01
M,275,Ahamada,4.4,4.4,Crystal Palace,0.30,0.30,0.30,0.30,0.30,0.30,0.30,0.30,0.30,0.30,0.01,0.01,0.01,0.01,0.01,0.01,0.01,0.01,0.01,0.01
M,276,Devenny,4.3,4.3,Crystal Palace,9.15,9.15,9.15,9.15,18.60,18.60,18.60,18.60,18.60,18.60,0.43,0.45,0.41,0.40,0.90,0.94,0.96,0.83,0.93,0.90
M,281,Rodney,4.5,4.5,Crystal Palace,0.30,0.30,0.30,0.30,0.30,0.30,0.30,0.30,0.30,0.30,0.01,0.01,0.01,0.01,0.01,0.01,0.01,0.01,0.01,0.01
F,283,Mateta,8.1,8.1,Crystal Palace,80.40,80.40,80.40,80.40,80.40,80.40,80.40,80.40,80.40,80.40,4.72,4.92,4.20,3.98,4.43,4.76,4.93,3.98,4.71,4.52
F,284,Nketiah,5.4,5.4,Crystal Palace,22.20,22.20,22.20,22.20,29.55,29.55,29.55,29.55,29.55,29.55,1.19,1.24,1.10,1.08,1.52,1.60,1.65,1.41,1.62,1.55
F,286,Marsh,4.5,4.5,Crystal Palace,0.30,0.30,0.30,0.30,0.30,0.30,0.30,0.30,0.30,0.30,0.02,0.02,0.02,0.02,0.02,0.02,0.02,0.02,0.02,0.02
G,287,Pickford,5.5,5.5,Everton,89.10,89.10,89.10,89.10,89.10,89.10,89.10,89.10,89.10,89.10,3.35,3.19,3.98,3.05,3.14,4.12,3.64,3.83,4.30,3.29
G,288,Travers,4.4,4.4,Everton,0.90,0.90,0.90,0.90,0.90,0.90,0.90,0.90,0.90,0.90,0.03,0.03,0.04,0.03,0.03,0.04,0.03,0.04,0.04,0.03
G,289,Tyrer,3.9,3.9,Everton,0.00,0.00,0.00,0.00,0.00,0.00,0.00,0.00,0.00,0.00,0.00,0.00,0.00,0.00,0.00,0.00,0.00,0.00,0.00,0.00
D,290,Branthwaite,5.3,5.3,Everton,0.00,0.00,0.00,0.00,0.00,0.00,0.00,81.30,81.30,81.30,0.00,0.00,0.00,0.00,0.00,0.00,0.00,4.29,4.75,3.87
D,291,Tarkowski,5.4,5.4,Everton,87.45,87.45,87.45,87.45,87.45,87.45,87.45,87.45,87.45,87.45,4.17,4.17,4.72,3.55,3.80,5.06,4.35,4.67,5.19,4.23
D,292,Mykolenko,4.9,4.9,Everton,82.95,82.95,82.95,82.95,82.95,82.95,82.95,82.95,82.95,82.95,3.33,3.26,3.89,2.76,2.95,4.10,3.48,3.81,4.31,3.31
D,293,O'Brien,4.9,4.9,Everton,86.70,82.95,75.00,56.25,56.25,56.25,56.25,56.25,56.25,56.25,3.04,2.77,3.10,1.67,1.79,2.48,2.12,2.31,2.63,2.00
D,294,Coleman,4.3,4.3,Everton,0.00,5.55,14.40,10.05,10.05,10.05,10.05,10.05,10.05,10.05,0.00,0.23,0.70,0.39,0.40,0.50,0.45,0.48,0.52,0.43
D,295,Keane,4.5,4.5,Everton,87.45,87.45,87.45,87.45,87.45,87.45,87.45,12.75,12.75,12.75,3.89,3.92,4.35,3.33,3.58,4.65,4.02,0.63,0.67,0.59
D,296,Patterson,4.4,4.4,Everton,0.00,0.00,0.00,0.00,0.00,0.00,0.00,0.00,0.00,0.00,0.00,0.00,0.00,0.00,0.00,0.00,0.00,0.00,0.00,0.00
D,297,Dixon,3.9,3.9,Everton,1.95,1.95,1.95,1.95,1.95,1.95,1.95,1.95,1.95,1.95,0.08,0.08,0.09,0.08,0.08,0.09,0.08,0.09,0.09,0.08
D,298,Welch,3.9,3.9,Everton,1.95,1.95,1.95,1.95,1.95,1.95,1.95,1.95,1.95,1.95,0.09,0.09,0.10,0.09,0.09,0.10,0.09,0.10,0.10,0.09
M,299,Ndiaye,6.6,6.6,Everton,82.20,82.20,82.20,82.20,0.00,0.00,0.00,0.00,0.00,0.00,4.81,4.51,5.06,4.24,0.00,0.00,0.00,0.00,0.00,0.00
M,300,McNeil,5.5,5.5,Everton,9.45,9.45,9.45,9.45,31.65,31.65,31.65,31.65,31.65,31.65,0.47,0.45,0.49,0.43,1.37,1.65,1.52,1.65,1.77,1.47
M,301,Alcaraz,5.2,5.2,Everton,30.60,30.60,30.60,16.20,66.75,66.75,66.75,66.75,66.75,66.75,1.34,1.26,1.44,0.66,2.44,3.16,2.82,3.08,3.43,2.72
M,302,Gana,5.4,5.4,Everton,0.00,0.00,0.00,80.40,0.00,0.00,0.00,0.00,0.00,0.00,0.00,0.00,0.00,2.70,0.00,0.00,0.00,0.00,0.00,0.00
M,303,Garner,5.0,5.0,Everton,87.60,87.60,87.60,84.75,79.80,79.80,79.80,79.80,79.80,79.80,3.47,3.37,3.66,3.17,2.83,3.35,3.19,3.28,3.51,3.11
M,304,Iroegbunam,4.9,4.9,Everton,86.70,86.70,86.70,39.60,69.60,69.60,69.60,69.60,69.60,69.60,3.23,3.14,3.38,1.42,2.35,2.70,2.65,2.62,2.80,2.59
M,306,Bates,4.4,4.4,Everton,0.30,0.30,0.30,0.30,0.30,0.30,0.30,0.30,0.30,0.30,0.01,0.01,0.01,0.01,0.01,0.01,0.01,0.01,0.01,0.01
M,307,Ebere,4.4,4.4,Everton,0.30,0.30,0.30,0.30,0.30,0.30,0.30,0.30,0.30,0.30,0.01,0.01,0.01,0.01,0.01,0.01,0.01,0.01,0.01,0.01
F,310,Barry,5.7,5.7,Everton,69.00,69.00,69.00,69.00,69.00,69.00,69.00,69.00,69.00,69.00,3.30,3.06,3.54,3.03,2.90,3.79,3.36,3.84,4.09,3.22
F,311,Beto,5.1,5.1,Everton,30.45,30.45,30.45,30.45,30.45,30.45,30.45,30.45,30.45,30.45,1.66,1.57,1.73,1.51,1.41,1.85,1.64,1.86,2.01,1.60
G,314,Leno,5.0,5.0,Fulham,89.10,89.10,89.10,89.10,89.10,89.10,89.10,89.10,89.10,89.10,3.08,2.58,3.48,3.80,3.67,3.52,3.13,2.99,3.17,3.27
D,316,Robinson,4.9,4.9,Fulham,0.00,0.00,0.00,7.20,7.20,7.20,7.20,7.20,7.20,7.20,0.00,0.00,0.00,0.31,0.31,0.30,0.28,0.28,0.28,0.29
D,317,Andersen,4.5,4.5,Fulham,87.45,87.45,87.45,87.45,87.45,87.45,87.45,87.45,87.45,87.45,3.99,3.02,4.27,4.72,4.44,4.45,3.95,3.65,3.68,4.27
D,318,Bassey,4.5,4.5,Fulham,85.05,85.05,85.05,85.05,0.00,0.00,0.00,0.00,0.00,0.00,2.73,1.91,3.01,3.56,0.00,0.00,0.00,0.00,0.00,0.00
D,319,Castagne,4.3,4.3,Fulham,17.25,17.25,17.25,14.10,14.10,14.10,14.10,14.10,14.10,14.10,0.69,0.58,0.71,0.59,0.59,0.58,0.54,0.52,0.53,0.56
D,320,Diop,4.3,4.3,Fulham,7.80,7.80,7.80,7.80,35.70,35.70,35.70,35.70,35.70,35.70,0.30,0.27,0.31,0.32,1.51,1.50,1.34,1.26,1.29,1.44
D,321,J.Cuenca,4.3,4.3,Fulham,9.45,9.45,9.45,9.45,73.65,73.65,73.65,73.65,73.65,73.65,0.38,0.33,0.39,0.41,3.41,3.36,3.02,2.76,2.83,3.30
D,322,Tete,4.5,4.5,Fulham,85.20,85.20,85.20,83.10,83.10,83.10,83.10,83.10,83.10,83.10,3.24,2.35,3.50,3.95,3.72,3.62,3.14,2.86,2.96,3.45
D,323,Amissah,3.9,3.9,Fulham,1.50,1.50,1.50,1.50,1.50,1.50,1.50,1.50,1.50,1.50,0.06,0.06,0.06,0.06,0.06,0.06,0.06,0.06,0.06,0.06
M,324,Iwobi,6.4,6.4,Fulham,84.00,84.00,84.00,84.00,0.00,0.00,0.00,0.00,0.00,0.00,3.72,3.33,3.94,4.11,0.00,0.00,0.00,0.00,0.00,0.00
M,325,Smith Rowe,5.6,5.6,Fulham,21.90,21.90,21.90,21.90,21.90,21.90,21.90,21.90,21.90,21.90,1.06,1.00,1.10,1.14,1.14,1.16,1.05,1.07,1.09,1.07
M,326,Adama,5.2,5.2,Fulham,27.15,27.15,27.15,27.15,27.15,27.15,27.15,45.00,45.00,45.00,1.24,1.15,1.29,1.37,1.39,1.37,1.21,2.04,2.10,2.08
M,328,Sessegnon,5.4,5.4,Fulham,86.10,86.10,86.10,84.90,84.90,84.90,84.90,84.90,84.90,84.90,3.33,2.98,3.34,3.53,3.59,3.47,3.17,3.24,3.33,3.28
M,329,Wilson,5.2,5.2,Fulham,63.60,63.60,63.60,63.60,68.40,68.40,68.40,68.40,68.40,68.40,2.97,2.70,3.15,3.29,3.63,3.57,3.11,3.13,3.28,3.26
M,330,Berge,4.9,4.9,Fulham,84.75,84.75,84.75,84.75,84.75,84.75,84.75,84.75,84.75,84.75,2.67,2.40,2.66,2.79,2.84,2.79,2.59,2.58,2.62,2.67
M,331,Cairney,4.9,4.9,Fulham,7.05,7.05,7.05,7.05,7.05,7.05,7.05,7.05,7.05,7.05,0.27,0.26,0.28,0.29,0.29,0.29,0.27,0.28,0.28,0.28
M,332,Lukić,5.0,5.0,Fulham,77.10,77.10,77.10,77.10,77.10,77.10,77.10,77.10,77.10,77.10,2.68,2.44,2.72,2.84,2.93,2.86,2.60,2.80,2.87,2.84
M,335,King,4.5,4.5,Fulham,64.20,64.20,64.20,64.20,64.20,64.20,64.20,64.20,64.20,64.20,2.79,2.55,2.93,3.04,3.08,3.02,2.72,2.75,2.81,2.82
M,336,Reed,4.3,4.3,Fulham,4.35,4.35,4.35,4.35,4.35,4.35,4.35,4.35,4.35,4.35,0.16,0.16,0.17,0.17,0.17,0.17,0.16,0.16,0.17,0.16
F,337,Raúl,6.2,6.2,Fulham,82.65,82.65,82.65,82.65,82.65,82.65,82.65,30.60,30.60,30.60,4.02,3.71,4.30,4.54,4.51,4.42,3.92,1.62,1.69,1.64
F,338,Muniz,5.4,5.4,Fulham,0.00,0.00,0.00,0.00,0.00,0.00,0.00,63.90,63.90,63.90,0.00,0.00,0.00,0.00,0.00,0.00,0.00,3.07,3.14,3.05
G,339,Meslier,4.3,4.3,Leeds United,0.00,0.00,0.00,0.00,0.00,0.00,0.00,0.00,0.00,0.00,0.00,0.00,0.00,0.00,0.00,0.00,0.00,0.00,0.00,0.00
G,340,Cairns,3.9,3.9,Leeds United,0.00,0.00,0.00,0.00,0.00,0.00,0.00,0.00,0.00,0.00,0.00,0.00,0.00,0.00,0.00,0.00,0.00,0.00,0.00,0.00
G,341,Darlow,4.0,4.0,Leeds United,0.90,0.90,0.90,0.90,0.90,0.90,0.90,0.90,0.90,0.90,0.02,0.03,0.03,0.03,0.03,0.03,0.02,0.03,0.03,0.03
D,342,Bogle,4.5,4.5,Leeds United,83.10,83.10,83.10,83.10,83.10,83.10,83.10,83.10,83.10,83.10,1.66,2.56,2.56,2.92,3.20,3.26,2.09,2.88,2.40,3.41
D,343,Struijk,4.4,4.4,Leeds United,85.35,81.60,81.60,81.60,81.60,81.60,81.60,81.60,81.60,81.60,1.86,2.59,2.67,3.10,3.29,3.34,2.32,2.92,2.53,3.35
D,344,Bijol,3.9,3.9,Leeds United,38.70,13.95,13.95,13.95,13.95,13.95,13.95,13.95,13.95,13.95,1.00,0.50,0.51,0.56,0.57,0.59,0.48,0.54,0.50,0.58
D,345,Bornauw,3.9,3.9,Leeds United,2.40,2.40,2.40,2.40,2.40,2.40,2.40,2.40,2.40,2.40,0.08,0.08,0.08,0.08,0.08,0.09,0.08,0.08,0.08,0.08
D,346,Byram,3.9,3.9,Leeds United,3.45,3.45,3.45,3.45,3.45,3.45,3.45,3.45,3.45,3.45,0.11,0.12,0.12,0.12,0.12,0.13,0.11,0.12,0.11,0.13
D,347,Gudmundsson,4.0,4.0,Leeds United,82.35,82.35,82.35,82.35,82.35,82.35,82.35,82.35,82.35,82.35,1.87,2.74,2.74,3.16,3.44,3.49,2.38,3.05,2.66,3.63
D,348,Rodon,4.1,4.1,Leeds United,85.95,85.95,85.95,85.95,85.95,85.95,85.95,85.95,85.95,85.95,2.08,2.84,2.97,3.43,3.56,3.70,2.66,3.24,2.90,3.67
M,350,Aaronson,5.4,5.4,Leeds United,72.75,72.75,72.75,72.75,72.75,72.75,72.75,72.75,72.75,72.75,3.01,3.40,3.44,3.42,3.64,3.54,3.11,3.58,3.16,3.70
M,351,Gnonto,5.2,5.2,Leeds United,19.80,19.80,19.80,19.80,19.80,19.80,19.80,19.80,19.80,19.80,0.80,0.86,0.87,0.89,0.93,0.89,0.82,0.92,0.82,0.94
M,352,Harrison,5.1,5.1,Leeds United,16.95,16.95,16.95,16.95,16.95,16.95,16.95,16.95,16.95,16.95,0.71,0.76,0.76,0.77,0.82,0.78,0.72,0.81,0.73,0.81
M,353,James,5.3,5.3,Leeds United,20.85,20.85,20.85,20.85,20.85,20.85,20.85,20.85,20.85,20.85,0.88,0.98,0.98,0.99,1.05,1.01,0.90,1.05,0.93,1.07
M,354,Ampadu,4.9,4.9,Leeds United,84.75,84.75,84.75,84.75,84.75,84.75,84.75,84.75,84.75,84.75,2.68,2.88,2.84,2.85,2.86,2.91,2.80,2.87,2.82,2.89
M,356,Gruev,4.8,4.8,Leeds United,81.60,52.20,37.80,37.80,37.80,37.80,37.80,12.45,12.45,12.45,2.41,1.76,1.27,1.31,1.33,1.31,1.20,0.43,0.41,0.44
M,358,Tanaka,4.8,4.8,Leeds United,81.90,76.80,80.40,80.40,80.40,80.40,80.40,33.60,33.60,33.60,2.50,2.66,2.75,2.79,2.91,2.85,2.55,1.20,1.13,1.25
F,362,Piroe,5.0,5.0,Leeds United,9.90,9.90,9.90,9.90,9.90,9.90,9.90,9.90,9.90,9.90,0.46,0.52,0.53,0.52,0.55,0.53,0.48,0.55,0.49,0.56
F,365,Nmecha,5.0,5.0,Leeds United,60.30,60.30,60.30,60.30,60.30,60.30,60.30,60.30,60.30,60.30,2.37,2.59,2.65,2.67,2.82,2.70,2.43,2.78,2.48,2.83
G,366,A.Becker,5.4,5.4,Liverpool,89.10,89.10,89.10,89.10,89.10,89.10,89.10,89.10,89.10,89.10,3.47,3.98,3.51,3.54,3.32,4.17,3.88,3.45,2.73,4.35
G,367,Mamardashvili,4.3,4.3,Liverpool,0.90,0.90,0.90,0.90,0.90,0.90,0.90,0.90,0.90,0.90,0.03,0.04,0.03,0.03,0.03,0.04,0.04,0.03,0.03,0.04
G,368,Pécsi,3.9,3.9,Liverpool,0.00,0.00,0.00,0.00,0.00,0.00,0.00,0.00,0.00,0.00,0.00,0.00,0.00,0.00,0.00,0.00,0.00,0.00,0.00,0.00
G,369,Woodman,3.9,3.9,Liverpool,0.00,0.00,0.00,0.00,0.00,0.00,0.00,0.00,0.00,0.00,0.00,0.00,0.00,0.00,0.00,0.00,0.00,0.00,0.00,0.00
D,370,Frimpong,5.7,5.7,Liverpool,0.00,0.00,0.00,18.60,33.00,33.00,33.00,33.00,33.00,33.00,0.00,0.00,0.00,0.92,1.71,2.28,2.09,1.78,1.33,2.37
D,371,Kerkez,5.7,5.7,Liverpool,28.65,28.65,28.65,28.65,28.65,28.65,28.65,28.65,28.65,28.65,1.37,1.51,1.41,1.39,1.27,1.61,1.53,1.30,1.03,1.65
D,372,Robertson,5.8,5.8,Liverpool,65.40,65.40,65.40,65.40,65.40,65.40,65.40,65.40,65.40,65.40,3.16,3.71,3.19,3.19,2.84,3.93,3.67,3.02,2.11,4.15
D,373,Virgil,6.0,6.0,Liverpool,87.45,87.45,87.45,87.45,87.45,87.45,87.45,87.45,87.45,87.45,4.35,4.82,4.53,4.26,4.15,5.10,4.85,4.28,3.44,5.28
D,374,Konaté,5.4,5.4,Liverpool,82.95,82.95,82.95,82.95,82.95,82.95,82.95,82.95,82.95,82.95,3.90,4.39,4.03,3.82,3.72,4.66,4.43,3.73,3.03,4.77
D,375,Bradley,5.0,5.0,Liverpool,0.00,0.00,0.00,66.90,71.25,71.25,71.25,71.25,71.25,71.25,0.00,0.00,0.00,3.46,3.31,4.53,4.19,3.49,2.46,4.74
D,376,Gomez,4.9,4.9,Liverpool,34.20,34.20,34.20,11.10,11.10,11.10,11.10,11.10,11.10,11.10,1.50,1.67,1.55,0.45,0.43,0.50,0.48,0.44,0.39,0.51
D,378,Nallo,3.8,3.8,Liverpool,0.30,0.30,0.30,0.30,0.30,0.30,0.30,0.30,0.30,0.30,0.01,0.01,0.01,0.01,0.01,0.01,0.01,0.01,0.01,0.01
D,379,R.Williams,3.8,3.8,Liverpool,1.05,1.05,1.05,1.05,1.05,1.05,1.05,1.05,1.05,1.05,0.05,0.06,0.05,0.05,0.05,0.06,0.06,0.05,0.04,0.06
D,380,Ramsay,3.8,3.8,Liverpool,0.30,0.30,0.30,0.30,0.30,0.30,0.30,0.30,0.30,0.30,0.01,0.01,0.01,0.01,0.01,0.01,0.01,0.01,0.01,0.01
M,381,M.Salah,14.2,14.2,Liverpool,83.40,83.40,83.40,83.40,0.00,0.00,0.00,0.00,0.00,0.00,6.11,6.61,5.72,6.15,0.00,0.00,0.00,0.00,0.00,0.00
M,382,Wirtz,8.0,8.0,Liverpool,11.85,66.15,66.15,66.15,75.75,75.75,75.75,75.75,75.75,75.75,0.70,4.14,3.55,3.87,3.94,5.14,4.68,4.01,3.06,5.21
M,384,Gakpo,7.5,7.5,Liverpool,79.80,59.70,59.70,59.70,70.65,70.65,70.65,70.65,70.65,70.65,4.74,4.04,3.51,3.73,3.96,5.27,4.85,4.19,3.13,5.51
M,385,Chiesa,6.4,6.4,Liverpool,8.85,8.85,8.85,8.85,22.65,22.65,22.65,22.65,22.65,22.65,0.50,0.54,0.47,0.51,1.18,1.54,1.39,1.22,0.94,1.59
M,386,Mac Allister,6.3,6.3,Liverpool,82.50,79.05,79.05,67.20,73.80,73.80,73.80,73.80,73.80,73.80,3.47,3.65,3.32,2.97,3.14,3.79,3.53,3.14,2.60,3.89
M,387,Szoboszlai,6.6,6.6,Liverpool,85.50,85.50,85.50,85.50,85.50,85.50,85.50,85.50,85.50,85.50,4.63,4.92,4.41,4.63,4.36,5.24,4.82,4.39,3.50,5.34
M,388,C.Jones,5.4,5.4,Liverpool,82.50,72.30,72.30,21.45,21.45,21.45,21.45,21.45,21.45,21.45,3.56,3.37,3.12,1.01,1.01,1.20,1.13,1.03,0.85,1.23
M,389,Elliott,5.3,5.3,Aston Villa,7.35,7.35,7.35,7.35,26.10,27.30,27.30,27.30,27.30,27.30,0.42,0.35,0.31,0.38,1.28,1.21,1.08,1.38,1.24,1.33
M,390,Gravenberch,5.6,5.6,Liverpool,84.15,84.15,84.15,84.15,84.15,84.15,84.15,84.15,84.15,84.15,3.18,3.37,3.11,3.23,3.09,3.46,3.30,3.12,2.63,3.53
M,391,Gannon-Doak,4.9,4.9,Bournemouth,0.00,0.00,0.00,0.00,0.00,0.00,0.00,0.00,0.00,0.00,0.00,0.00,0.00,0.00,0.00,0.00,0.00,0.00,0.00,0.00
M,392,Endo,4.9,4.9,Liverpool,3.15,3.15,3.15,3.15,3.15,3.15,3.15,3.15,3.15,3.15,0.11,0.11,0.11,0.11,0.11,0.12,0.11,0.11,0.10,0.12
M,393,Bajcetic,4.3,4.3,Liverpool,0.30,0.30,0.30,0.30,0.30,0.30,0.30,0.30,0.30,0.30,0.01,0.02,0.01,0.01,0.01,0.02,0.02,0.01,0.01,0.02
M,396,Nyoni,4.3,4.3,Liverpool,0.30,0.30,0.30,0.30,0.30,0.30,0.30,0.30,0.30,0.30,0.01,0.02,0.01,0.01,0.01,0.02,0.02,0.01,0.01,0.02
F,398,Danns,4.3,4.3,Liverpool,0.30,0.30,0.30,0.30,0.30,0.30,0.30,0.30,0.30,0.30,0.02,0.02,0.02,0.02,0.02,0.02,0.02,0.02,0.01,0.02
G,400,Ortega Moreno,4.8,4.8,Man City,0.00,0.00,0.00,0.00,0.00,0.00,0.00,0.00,0.00,0.00,0.00,0.00,0.00,0.00,0.00,0.00,0.00,0.00,0.00,0.00
G,401,Bettinelli,4.0,4.0,Man City,0.00,0.00,0.00,0.00,0.00,0.00,0.00,0.00,0.00,0.00,0.00,0.00,0.00,0.00,0.00,0.00,0.00,0.00,0.00,0.00
D,402,Aït-Nouri,5.7,5.7,Man City,15.75,47.55,47.55,47.55,23.40,0.00,0.00,0.00,0.00,0.00,0.87,2.56,3.04,2.43,1.53,0.00,0.00,0.00,0.00,0.00
D,403,Gvardiol,5.8,5.8,Man City,80.55,80.55,80.55,80.55,80.55,80.55,80.55,80.55,80.55,80.55,4.33,3.76,4.52,3.56,4.63,3.89,4.10,3.58,3.93,3.28
D,405,Aké,5.3,5.3,Man City,23.10,23.10,23.10,23.10,27.60,27.60,27.60,27.60,27.60,27.60,1.22,1.10,1.25,1.05,1.47,1.30,1.35,1.23,1.32,1.15
D,406,Khusanov,5.4,5.4,Man City,16.50,28.05,28.05,28.05,28.05,28.05,28.05,28.05,28.05,28.05,0.73,1.20,1.36,1.14,1.38,1.21,1.28,1.14,1.23,1.08
D,407,Matheus N.,5.3,5.3,Man City,83.25,72.60,72.60,72.60,72.60,72.60,72.60,72.60,72.60,72.60,4.88,3.65,4.31,3.47,4.46,3.78,3.97,3.50,3.84,3.28
D,408,Rúben,5.5,5.5,Man City,80.25,80.25,80.25,80.25,80.25,80.25,80.25,80.25,80.25,80.25,4.00,3.55,4.09,3.42,4.20,3.60,3.79,3.28,3.61,3.11
D,409,Stones,5.4,5.4,Man City,16.20,16.20,16.20,16.20,16.20,16.20,16.20,16.20,16.20,16.20,0.76,0.70,0.78,0.68,0.80,0.71,0.74,0.69,0.73,0.65
D,410,Lewis,4.8,4.8,Man City,15.60,19.35,19.35,19.35,19.35,19.35,19.35,19.35,19.35,19.35,0.75,0.87,0.98,0.84,1.03,0.90,0.91,0.87,0.93,0.81
D,411,O’Reilly,5.1,5.1,Man City,81.60,46.65,46.65,46.65,62.40,76.95,76.95,76.95,76.95,76.95,5.12,2.52,2.95,2.40,4.14,4.30,4.50,4.04,4.42,3.73
M,413,Marmoush,8.3,8.3,Man City,18.15,28.35,28.35,28.35,0.00,0.00,0.00,0.00,0.00,0.00,1.38,1.85,2.14,1.79,0.00,0.00,0.00,0.00,0.00,0.00
M,414,Foden,8.0,8.0,Man City,81.90,78.30,78.30,78.30,68.70,68.70,68.70,68.70,68.70,68.70,5.47,4.51,5.14,4.28,5.25,4.25,4.33,4.37,4.62,4.08
M,415,Savinho,6.9,6.9,Man City,14.40,32.55,32.55,32.55,32.55,32.55,32.55,32.55,32.55,32.55,0.94,1.82,2.08,1.74,2.29,1.85,1.90,1.91,2.05,1.79
M,416,Bernardo,6.3,6.3,Man City,74.25,66.75,66.75,66.75,66.75,66.75,66.75,66.75,66.75,66.75,3.87,3.01,3.49,2.96,3.68,3.19,3.28,3.21,3.36,3.04
M,417,Cherki,6.4,6.4,Man City,73.50,52.80,52.80,52.80,52.80,52.80,52.80,52.80,52.80,52.80,4.54,2.80,3.30,2.75,3.64,2.94,3.06,3.02,3.25,2.85
M,418,Doku,6.6,6.6,Man City,73.50,59.70,59.70,59.70,59.55,59.55,59.55,59.55,59.55,59.55,4.29,3.03,3.53,2.94,4.02,3.28,3.40,3.40,3.56,3.10
M,419,Grealish,6.7,6.7,Everton,82.20,82.20,82.20,82.20,82.20,82.20,82.20,82.20,82.20,82.20,3.83,3.53,4.11,3.39,3.10,4.16,3.66,4.08,4.46,3.53
M,421,Rodrigo,6.3,6.3,Man City,0.00,71.40,71.40,71.40,71.40,71.40,71.40,71.40,71.40,71.40,0.00,3.15,3.35,3.09,3.56,3.33,3.28,3.30,3.38,3.18
M,422,Kovačić,5.9,5.9,Man City,0.00,0.00,0.00,0.00,0.00,0.00,0.00,0.00,0.00,0.00,0.00,0.00,0.00,0.00,0.00,0.00,0.00,0.00,0.00,0.00
M,423,N.Gonzalez,5.9,5.9,Man City,84.15,25.80,25.80,25.80,25.80,25.80,25.80,25.80,25.80,25.80,3.32,0.99,1.04,0.95,1.08,1.01,1.01,1.00,1.04,0.97
M,424,Bobb,5.3,5.3,Man City,10.95,14.25,14.25,14.25,14.25,14.25,14.25,14.25,14.25,14.25,0.65,0.75,0.85,0.73,0.93,0.79,0.80,0.80,0.84,0.75
M,426,McAtee,5.1,5.1,Nott'm Forest,33.30,27.00,27.00,14.85,14.85,14.85,14.85,14.85,14.85,14.85,1.51,1.26,1.10,0.68,0.64,0.63,0.67,0.63,0.70,0.59
M,427,Reijnders,5.4,5.4,Man City,17.55,24.90,24.90,24.90,24.90,24.90,24.90,24.90,24.90,24.90,0.99,1.22,1.38,1.21,1.53,1.26,1.30,1.28,1.35,1.22
M,429,Phillips,4.8,4.8,Man City,0.30,0.30,0.30,0.30,0.30,0.30,0.30,0.30,0.30,0.30,0.01,0.01,0.01,0.01,0.01,0.01,0.01,0.01,0.01,0.01
F,430,Haaland,14.9,14.9,Man City,86.25,86.25,86.25,86.25,86.25,86.25,86.25,86.25,86.25,86.25,7.70,6.49,7.62,6.21,8.55,6.59,6.92,7.06,7.46,6.43
G,431,Bayindir,4.8,4.8,Man Utd,0.90,0.90,0.90,0.90,0.90,0.90,0.90,0.90,0.90,0.90,0.03,0.04,0.03,0.03,0.03,0.03,0.04,0.03,0.04,0.03
G,434,Heaton,3.9,3.9,Man Utd,0.00,0.00,0.00,0.00,0.00,0.00,0.00,0.00,0.00,0.00,0.00,0.00,0.00,0.00,0.00,0.00,0.00,0.00,0.00,0.00
G,435,Mee,3.9,3.9,Man Utd,0.00,0.00,0.00,0.00,0.00,0.00,0.00,0.00,0.00,0.00,0.00,0.00,0.00,0.00,0.00,0.00,0.00,0.00,0.00,0.00
D,436,De Ligt,5.0,5.0,Man Utd,85.95,85.95,85.95,85.95,85.95,85.95,85.95,85.95,85.95,85.95,3.54,4.45,4.24,4.03,3.67,3.70,4.80,4.07,4.59,2.83
D,437,Martinez,4.8,4.8,Man Utd,17.25,17.25,17.25,17.25,17.25,17.25,17.25,17.25,17.25,17.25,0.63,0.75,0.72,0.68,0.65,0.66,0.78,0.70,0.76,0.56
D,438,Mazraoui,4.9,4.9,Man Utd,62.25,42.00,42.00,42.00,0.00,0.00,0.00,0.00,0.00,0.00,2.55,2.12,2.03,1.92,0.00,0.00,0.00,0.00,0.00,0.00
D,439,D.Leon,4.2,4.2,Man Utd,6.00,6.00,6.00,6.00,6.00,6.00,6.00,6.00,6.00,6.00,0.23,0.27,0.26,0.25,0.24,0.25,0.29,0.25,0.27,0.23
D,440,Dalot,4.4,4.4,Man Utd,64.95,55.50,55.50,55.50,71.70,84.15,84.15,84.15,84.15,84.15,2.62,3.02,2.78,2.59,2.76,3.43,4.69,3.68,4.35,2.65
D,441,Dorgu,4.2,4.2,Man Utd,69.90,63.75,63.75,63.75,71.55,84.15,84.15,84.15,84.15,84.15,2.55,3.23,2.95,2.74,2.55,3.22,4.50,3.48,4.14,2.42
D,442,Maguire,4.4,4.4,Man Utd,0.00,37.80,37.80,37.80,37.80,37.80,37.80,37.80,37.80,37.80,0.00,1.87,1.73,1.65,1.53,1.57,1.97,1.68,1.87,1.30
D,443,Shaw,4.5,4.5,Man Utd,80.40,80.40,80.40,80.40,80.40,80.40,80.40,80.40,80.40,80.40,2.60,3.62,3.36,3.00,2.69,2.78,3.88,3.14,3.64,2.11
D,444,Yoro,4.4,4.4,Man Utd,75.15,68.40,68.40,68.40,68.40,68.40,68.40,68.40,68.40,68.40,2.67,3.13,2.98,2.74,2.51,2.55,3.35,2.80,3.18,1.97
D,446,Fredricson,3.8,3.8,Man Utd,0.90,0.90,0.90,0.90,0.90,0.90,0.90,0.90,0.90,0.90,0.03,0.04,0.04,0.03,0.03,0.04,0.04,0.04,0.04,0.03
D,447,Heaven,3.8,3.8,Man Utd,3.30,3.30,3.30,3.30,3.30,3.30,3.30,3.30,3.30,3.30,0.12,0.13,0.13,0.12,0.12,0.12,0.13,0.12,0.13,0.11
D,448,Malacia,3.8,3.8,Man Utd,0.60,0.60,0.60,0.60,0.60,0.60,0.60,0.60,0.60,0.60,0.02,0.02,0.02,0.02,0.02,0.02,0.02,0.02,0.02,0.02
M,449,B.Fernandes,8.9,8.9,Man Utd,86.85,86.85,86.85,86.85,86.85,86.85,86.85,86.85,86.85,86.85,5.02,6.67,6.09,5.86,5.45,5.91,7.13,5.76,6.51,5.26
M,450,Cunha,7.9,7.9,Man Utd,0.00,73.80,79.95,79.95,80.85,82.50,82.50,82.50,82.50,82.50,0.00,5.54,5.17,5.17,4.68,5.39,6.58,5.30,6.00,4.79
M,452,Amad,6.3,6.3,Man Utd,79.05,78.45,78.45,78.45,22.50,0.00,0.00,0.00,0.00,0.00,3.92,4.88,4.39,4.35,1.18,0.00,0.00,0.00,0.00,0.00
M,453,Garnacho,6.4,6.4,Chelsea,46.50,34.50,37.80,37.80,37.80,37.80,37.80,37.80,37.80,37.80,2.06,1.85,1.89,2.01,1.77,2.04,2.08,1.62,1.89,2.14
M,455,Mount,5.9,5.9,Man Utd,72.15,43.50,36.90,36.90,22.65,27.15,27.15,27.15,27.15,27.15,3.12,2.43,1.86,1.84,1.11,1.46,1.75,1.45,1.62,1.33
M,456,Sancho,5.8,5.8,Aston Villa,18.00,18.00,18.00,18.00,0.00,29.10,29.10,29.10,29.10,29.10,1.06,0.90,0.80,0.98,0.00,1.36,1.18,1.55,1.42,1.51
M,457,Casemiro,5.5,5.5,Man Utd,71.10,71.10,71.10,71.10,68.10,71.85,71.85,71.85,71.85,71.85,3.05,3.59,3.44,3.41,3.12,3.46,3.85,3.37,3.62,3.10
M,458,Mainoo,4.7,4.7,Man Utd,9.15,9.15,9.15,9.15,19.35,26.55,26.55,26.55,26.55,26.55,0.36,0.41,0.39,0.39,0.78,1.12,1.23,1.11,1.18,1.04
M,459,Ugarte,4.7,4.7,Man Utd,17.55,17.55,17.55,17.55,47.10,56.70,56.70,56.70,56.70,56.70,0.60,0.67,0.65,0.64,1.81,2.28,2.44,2.21,2.34,2.07
M,461,Fitzgerald,4.4,4.4,Man Utd,0.30,0.30,0.30,0.30,0.30,0.30,0.30,0.30,0.30,0.30,0.01,0.02,0.01,0.01,0.01,0.01,0.02,0.01,0.02,0.01
M,462,J.Fletcher,4.3,4.3,Man Utd,0.30,0.30,0.30,0.30,0.30,0.30,0.30,0.30,0.30,0.30,0.01,0.02,0.02,0.02,0.01,0.02,0.02,0.02,0.02,0.01
M,463,Kone,4.4,4.4,Man Utd,0.30,0.30,0.30,0.30,0.30,0.30,0.30,0.30,0.30,0.30,0.01,0.02,0.01,0.01,0.01,0.01,0.02,0.01,0.02,0.01
F,466,Zirkzee,5.8,5.8,Man Utd,67.20,47.40,47.40,47.40,11.40,16.50,16.50,16.50,16.50,16.50,3.09,2.75,2.48,2.43,0.58,0.91,1.07,0.89,1.01,0.84
F,467,Obi,4.3,4.3,Man Utd,0.90,0.90,0.90,0.90,0.90,0.90,0.90,0.90,0.90,0.90,0.05,0.06,0.05,0.05,0.05,0.05,0.06,0.05,0.06,0.05
G,469,Pope,5.2,5.2,Newcastle,81.00,81.00,81.00,81.00,81.00,81.00,81.00,81.00,81.00,81.00,2.96,3.13,3.77,3.32,2.99,2.56,3.52,3.24,3.34,3.37
G,470,Dúbravka,4.0,4.0,Burnley,89.10,89.10,89.10,89.10,89.10,89.10,89.10,89.10,89.10,89.10,3.04,3.33,2.51,3.35,2.92,3.50,2.89,2.71,2.90,2.52
G,471,Gillespie,3.9,3.9,Newcastle,0.00,0.00,0.00,0.00,0.00,0.00,0.00,0.00,0.00,0.00,0.00,0.00,0.00,0.00,0.00,0.00,0.00,0.00,0.00,0.00
D,473,Hall,5.2,5.2,Newcastle,74.85,74.85,74.85,74.85,74.85,74.85,74.85,53.70,53.70,53.70,3.53,3.84,4.85,3.96,3.41,3.06,4.39,2.79,3.09,2.99
D,474,Schär,5.3,5.3,Newcastle,55.35,55.35,55.35,55.35,55.35,55.35,55.35,32.25,32.25,32.25,2.58,2.63,3.23,2.74,2.37,2.27,3.00,1.55,1.68,1.65
D,475,Botman,4.9,4.9,Newcastle,24.00,24.00,24.00,24.00,24.00,24.00,24.00,48.90,48.90,48.90,1.15,1.17,1.36,1.20,1.05,1.06,1.28,2.47,2.68,2.61
D,476,Burn,5.1,5.1,Newcastle,72.60,72.60,72.60,72.60,72.60,72.60,72.60,68.55,68.55,68.55,3.11,3.16,3.94,3.38,2.82,2.70,3.68,3.08,3.39,3.37
D,477,Livramento,4.9,4.9,Newcastle,81.90,81.90,81.90,81.90,81.90,81.90,81.90,75.15,75.15,75.15,3.21,3.60,4.61,3.71,3.16,2.75,4.14,3.32,3.74,3.59
D,478,Trippier,5.0,5.0,Newcastle,0.00,0.00,0.00,0.00,0.00,0.00,0.00,19.80,19.80,19.80,0.00,0.00,0.00,0.00,0.00,0.00,0.00,0.90,0.97,0.93
D,479,Krafth,4.3,4.3,Newcastle,0.00,0.00,0.00,0.00,0.00,0.00,0.00,8.25,8.25,8.25,0.00,0.00,0.00,0.00,0.00,0.00,0.00,0.31,0.33,0.32
D,480,Lascelles,4.3,4.3,Newcastle,4.50,4.50,4.50,4.50,4.50,4.50,4.50,4.50,4.50,4.50,0.17,0.17,0.19,0.17,0.17,0.16,0.18,0.17,0.18,0.18
D,481,A.Murphy,3.9,3.9,Newcastle,0.30,0.30,0.30,0.30,0.30,0.30,0.30,0.30,0.30,0.30,0.01,0.01,0.01,0.01,0.01,0.01,0.01,0.01,0.01,0.01
D,482,Ashby,3.9,3.9,Newcastle,0.60,0.60,0.60,0.60,0.60,0.60,0.60,0.60,0.60,0.60,0.02,0.02,0.02,0.02,0.02,0.02,0.02,0.02,0.02,0.02
D,483,Pivas,3.8,3.8,Newcastle,0.00,0.00,0.00,0.00,0.00,0.00,0.00,0.00,0.00,0.00,0.00,0.00,0.00,0.00,0.00,0.00,0.00,0.00,0.00,0.00
M,485,Gordon,7.2,7.2,Newcastle,37.65,55.50,61.20,61.20,60.75,60.75,60.75,60.75,60.75,60.75,2.09,3.47,4.73,3.68,3.68,3.37,4.11,3.88,4.05,3.96
M,486,Elanga,6.6,6.6,Newcastle,32.55,32.55,21.75,21.75,21.75,21.75,21.75,21.75,21.75,21.75,1.63,1.78,1.39,1.16,1.17,1.10,1.28,1.22,1.28,1.25
M,487,Barnes,6.3,6.3,Newcastle,70.35,56.85,33.90,33.90,33.90,33.90,33.90,33.90,33.90,33.90,3.50,3.22,2.33,1.89,1.89,1.77,2.07,1.99,2.11,2.02
M,488,Bruno G.,6.6,6.6,Newcastle,83.25,83.25,83.25,83.25,83.25,83.25,83.25,83.25,83.25,83.25,3.44,3.77,4.18,3.51,3.56,3.43,3.92,3.75,3.95,3.88
M,489,J.Murphy,6.1,6.1,Newcastle,70.80,70.80,67.50,67.50,67.50,67.50,67.50,67.50,67.50,67.50,3.38,3.78,4.22,3.49,3.47,3.25,3.85,3.65,3.85,3.74
M,490,Joelinton,5.9,5.9,Newcastle,63.75,63.75,63.75,63.75,63.75,63.75,63.75,63.75,63.75,63.75,2.58,2.77,3.09,2.63,2.67,2.54,2.85,2.77,2.83,2.83
M,491,Tonali,5.4,5.4,Newcastle,81.90,81.90,81.90,81.90,81.90,81.90,81.90,81.90,81.90,81.90,3.21,3.52,3.95,3.41,3.40,3.17,3.65,3.46,3.63,3.70
M,493,Longstaff,4.9,4.9,Leeds United,0.00,0.00,0.00,0.00,0.00,0.00,0.00,79.50,79.50,79.50,0.00,0.00,0.00,0.00,0.00,0.00,0.00,3.16,2.91,3.24
M,494,Willock,5.0,5.0,Newcastle,6.30,6.30,6.30,6.30,6.30,6.30,6.30,6.30,6.30,6.30,0.28,0.30,0.33,0.29,0.29,0.28,0.31,0.30,0.31,0.30
M,497,L.Miley,4.4,4.4,Newcastle,14.85,14.85,14.85,14.85,14.85,14.85,14.85,14.85,14.85,14.85,0.60,0.63,0.68,0.61,0.63,0.60,0.65,0.63,0.65,0.64
F,499,Isak,10.4,10.4,Liverpool,74.70,66.15,66.15,66.15,75.75,75.75,75.75,75.75,75.75,75.75,4.43,4.31,3.58,3.97,4.34,5.65,5.14,4.44,3.34,5.85
F,500,Osula,5.4,5.4,Newcastle,0.00,0.00,11.40,11.40,26.10,26.10,26.10,26.10,26.10,26.10,0.00,0.00,0.71,0.59,1.32,1.24,1.40,1.36,1.42,1.37
F,501,Neave,4.4,4.4,Newcastle,0.30,0.30,0.30,0.30,0.30,0.30,0.30,0.30,0.30,0.30,0.02,0.02,0.02,0.02,0.02,0.02,0.02,0.02,0.02,0.02
G,502,Sels,4.7,4.7,Nott'm Forest,89.10,89.10,89.10,89.10,89.10,89.10,89.10,89.10,89.10,89.10,3.33,3.68,3.35,3.51,3.28,2.82,3.73,3.09,3.61,2.98
D,505,Milenković,5.2,5.2,Nott'm Forest,87.45,87.45,87.45,87.45,87.45,87.45,87.45,87.45,87.45,87.45,3.32,3.80,3.43,3.52,3.27,2.38,3.76,3.23,3.60,2.83
D,506,Murillo,5.3,5.3,Nott'm Forest,82.95,82.95,82.95,82.95,82.95,82.95,82.95,82.95,82.95,82.95,3.70,4.23,3.88,3.90,3.70,2.78,4.20,3.68,4.10,3.25
D,507,Aina,4.7,4.7,Nott'm Forest,0.00,0.00,0.00,0.00,0.00,0.00,0.00,0.00,0.00,0.00,0.00,0.00,0.00,0.00,0.00,0.00,0.00,0.00,0.00,0.00
D,508,N.Williams,4.7,4.7,Nott'm Forest,83.25,83.25,83.25,83.25,83.25,83.25,83.25,83.25,83.25,83.25,3.32,3.76,3.26,3.46,3.17,2.33,3.64,3.05,3.55,2.65
D,510,Jair Cunha,4.3,4.3,Nott'm Forest,5.85,5.85,5.85,5.85,5.85,5.85,5.85,5.85,5.85,5.85,0.24,0.25,0.23,0.23,0.23,0.21,0.24,0.23,0.24,0.22
D,511,Morato,4.3,4.3,Nott'm Forest,20.10,20.10,20.10,20.10,20.10,20.10,20.10,20.10,20.10,20.10,0.80,0.88,0.83,0.83,0.79,0.65,0.86,0.81,0.84,0.74
D,513,Abbott,3.9,3.9,Nott'm Forest,0.30,0.30,0.30,0.30,0.30,0.30,0.30,0.30,0.30,0.30,0.01,0.01,0.01,0.01,0.01,0.01,0.01,0.01,0.01,0.01
D,514,Boly,3.9,3.9,Nott'm Forest,3.60,3.60,3.60,3.60,3.60,3.60,3.60,3.60,3.60,3.60,0.14,0.15,0.14,0.14,0.14,0.13,0.14,0.14,0.14,0.13
M,515,Gibbs-White,7.3,7.3,Nott'm Forest,65.70,81.90,81.90,81.90,81.90,81.90,81.90,81.90,81.90,81.90,3.60,4.52,3.64,4.06,3.67,3.43,3.92,3.56,4.15,3.13
M,516,Hudson-Odoi,5.7,5.7,Nott'm Forest,38.55,38.55,38.55,38.55,38.55,38.55,38.55,38.55,38.55,38.55,1.84,1.82,1.62,1.75,1.63,1.55,1.74,1.59,1.78,1.47
M,517,Anderson,5.3,5.3,Nott'm Forest,84.90,84.90,84.90,84.90,84.90,84.90,84.90,84.90,84.90,84.90,4.33,4.37,4.06,4.33,4.03,3.79,4.21,4.02,4.23,3.65
M,519,Dominguez,5.0,5.0,Nott'm Forest,65.40,65.40,65.40,21.45,21.45,21.45,21.45,21.45,21.45,21.45,2.47,2.49,2.31,0.81,0.77,0.73,0.80,0.77,0.81,0.72
M,521,Sangaré,4.9,4.9,Nott'm Forest,37.20,37.20,37.20,26.40,0.00,0.00,0.00,0.00,0.00,0.00,1.30,1.33,1.24,0.92,0.00,0.00,0.00,0.00,0.00,0.00
M,522,Yates,4.7,4.7,Nott'm Forest,57.15,57.15,57.15,24.15,30.60,30.60,30.60,30.60,30.60,30.60,2.25,2.28,2.12,0.95,1.12,1.07,1.15,1.12,1.17,1.03
F,525,Wood,7.2,7.2,Nott'm Forest,0.00,6.30,36.00,59.10,59.10,59.10,59.10,59.10,59.10,59.10,0.00,0.38,1.77,3.31,3.02,2.92,3.18,2.92,3.29,2.60
F,526,Igor Jesus,5.8,5.8,Nott'm Forest,79.05,75.75,47.25,33.75,33.75,33.75,33.75,33.75,33.75,33.75,3.78,3.64,2.10,1.63,1.54,1.46,1.62,1.49,1.65,1.37
F,527,Awoniyi,5.2,5.2,Nott'm Forest,0.00,0.00,9.15,9.15,9.15,9.15,9.15,9.15,9.15,9.15,0.00,0.00,0.44,0.48,0.45,0.44,0.48,0.44,0.49,0.40
G,528,Patterson,4.3,4.3,Sunderland,0.90,0.90,0.90,0.90,0.90,0.90,0.90,0.90,0.90,0.90,0.03,0.02,0.02,0.03,0.03,0.04,0.03,0.03,0.03,0.03
G,529,Moore,3.9,3.9,Sunderland,0.00,0.00,0.00,0.00,0.00,0.00,0.00,0.00,0.00,0.00,0.00,0.00,0.00,0.00,0.00,0.00,0.00,0.00,0.00,0.00
G,530,Nna Noukeu,3.9,3.9,Sunderland,0.00,0.00,0.00,0.00,0.00,0.00,0.00,0.00,0.00,0.00,0.00,0.00,0.00,0.00,0.00,0.00,0.00,0.00,0.00,0.00
D,531,Ballard,4.6,4.6,Sunderland,77.55,69.90,69.90,69.90,64.80,78.30,78.30,78.30,78.30,78.30,3.97,2.65,2.19,3.16,2.65,4.07,2.61,3.36,3.62,3.72
D,532,Hume,4.5,4.5,Sunderland,85.20,85.20,85.20,85.20,87.75,87.75,87.75,87.75,87.75,87.75,3.23,2.13,1.73,2.91,2.60,3.64,2.12,2.77,2.86,3.20
D,533,Alese,4.0,4.0,Sunderland,4.50,4.50,4.50,4.50,4.50,4.50,4.50,4.50,4.50,4.50,0.15,0.13,0.13,0.14,0.14,0.15,0.14,0.14,0.14,0.15
D,534,Anderson,3.9,3.9,Sunderland,0.60,0.60,0.60,0.60,0.60,0.60,0.60,0.60,0.60,0.60,0.02,0.02,0.02,0.02,0.02,0.02,0.02,0.02,0.02,0.02
D,535,Cirkin,4.0,4.0,Sunderland,0.00,0.00,0.00,0.00,0.00,0.00,0.00,0.00,0.00,0.00,0.00,0.00,0.00,0.00,0.00,0.00,0.00,0.00,0.00,0.00
D,536,Hjelde,4.0,4.0,Sunderland,0.00,0.00,0.00,0.00,0.00,0.00,0.00,0.00,0.00,0.00,0.00,0.00,0.00,0.00,0.00,0.00,0.00,0.00,0.00,0.00
D,538,Johnson,3.9,3.9,Sunderland,1.80,1.80,1.80,1.80,1.80,1.80,1.80,1.80,1.80,1.80,0.07,0.06,0.05,0.06,0.06,0.07,0.06,0.06,0.06,0.07
D,539,O'Nien,4.0,4.0,Sunderland,6.30,6.30,6.30,6.30,6.30,6.30,6.30,6.30,6.30,6.30,0.25,0.23,0.21,0.24,0.23,0.25,0.22,0.23,0.24,0.24
D,540,Pembele,3.9,3.9,Sunderland,0.60,0.60,0.60,0.60,0.60,0.60,0.60,0.60,0.60,0.60,0.02,0.02,0.02,0.02,0.02,0.02,0.02,0.02,0.02,0.02
D,541,Reinildo,4.0,4.0,Sunderland,83.85,83.85,83.85,83.85,39.15,0.00,0.00,0.00,0.00,0.00,2.91,1.87,1.44,2.53,1.17,0.00,0.00,0.00,0.00,0.00
M,543,Adingra,5.0,5.0,Sunderland,18.15,18.15,18.15,18.15,17.85,0.00,0.00,0.00,0.00,0.00,0.92,0.81,0.77,0.86,0.76,0.00,0.00,0.00,0.00,0.00
M,544,Diarra,5.3,5.3,Sunderland,0.00,0.00,0.00,0.00,0.00,0.00,0.00,0.00,0.00,0.00,0.00,0.00,0.00,0.00,0.00,0.00,0.00,0.00,0.00,0.00
M,547,E.Le Fée,4.9,4.9,Sunderland,76.50,76.50,76.50,76.50,83.55,83.55,83.55,83.55,83.55,83.55,3.85,3.18,3.00,3.57,3.67,4.11,3.41,3.63,3.71,3.88
M,548,Mundle,4.9,4.9,Sunderland,0.00,0.00,0.00,0.00,20.25,20.25,20.25,20.25,20.25,20.25,0.00,0.00,0.00,0.00,0.69,0.76,0.68,0.69,0.71,0.73
M,549,Neil,4.8,4.8,Sunderland,10.05,10.05,10.05,10.05,52.35,52.35,52.35,52.35,52.35,52.35,0.35,0.33,0.33,0.34,1.58,1.66,1.50,1.59,1.59,1.62
M,550,Poveda,4.8,4.8,Sunderland,0.00,0.00,0.00,0.00,0.00,0.00,0.00,0.00,0.00,0.00,0.00,0.00,0.00,0.00,0.00,0.00,0.00,0.00,0.00,0.00
M,551,Rigg,4.8,4.8,Sunderland,14.25,14.25,14.25,14.25,72.30,72.30,72.30,72.30,72.30,72.30,0.63,0.56,0.54,0.59,2.59,2.94,2.48,2.61,2.66,2.82
M,552,Sadiki,5.0,5.0,Sunderland,83.85,83.85,83.85,83.85,0.00,0.00,0.00,0.00,0.00,0.00,2.57,2.33,2.20,2.47,0.00,0.00,0.00,0.00,0.00,0.00
M,553,Talbi,5.0,5.0,Sunderland,32.25,32.25,32.25,32.25,0.00,0.00,0.00,0.00,0.00,0.00,1.61,1.35,1.30,1.51,0.00,0.00,0.00,0.00,0.00,0.00
M,554,Ba,4.3,4.3,Sunderland,1.35,1.35,1.35,1.35,1.35,1.35,1.35,1.35,1.35,1.35,0.06,0.06,0.05,0.06,0.06,0.06,0.06,0.06,0.06,0.06
M,557,H.Jones,4.4,4.4,Sunderland,1.65,1.65,1.65,1.65,1.65,1.65,1.65,1.65,1.65,1.65,0.08,0.07,0.07,0.08,0.07,0.08,0.07,0.07,0.07,0.08
M,558,Matete,4.4,4.4,Sunderland,1.50,1.50,1.50,1.50,1.50,1.50,1.50,1.50,1.50,1.50,0.05,0.04,0.04,0.05,0.04,0.05,0.04,0.04,0.05,0.05
F,560,Isidor,5.6,5.6,Sunderland,71.55,71.55,71.55,71.55,76.35,78.45,78.45,78.45,78.45,78.45,3.61,2.96,2.84,3.28,3.12,3.62,3.15,3.23,3.30,3.58
F,561,Mayenda,5.3,5.3,Sunderland,12.15,12.15,12.15,12.15,53.85,67.05,67.05,67.05,67.05,67.05,0.63,0.54,0.51,0.59,2.30,3.05,2.65,2.68,2.80,2.95
F,562,Abdullahi,4.3,4.3,Sunderland,0.60,0.60,0.60,0.60,0.60,0.60,0.60,0.60,0.60,0.60,0.03,0.03,0.03,0.03,0.03,0.03,0.03,0.03,0.03,0.03
G,565,Vicario,5.0,5.0,Spurs,89.10,89.10,89.10,89.10,89.10,89.10,89.10,89.10,89.10,89.10,3.46,2.85,3.70,3.54,3.17,3.28,3.34,4.11,3.20,4.11
G,566,Austin,3.9,3.9,Spurs,0.00,0.00,0.00,0.00,0.00,0.00,0.00,0.00,0.00,0.00,0.00,0.00,0.00,0.00,0.00,0.00,0.00,0.00,0.00,0.00
G,567,Kinsky,3.9,3.9,Spurs,0.90,0.90,0.90,0.90,0.90,0.90,0.90,0.90,0.90,0.90,0.03,0.03,0.03,0.03,0.03,0.03,0.03,0.04,0.03,0.04
D,568,Pedro Porro,5.4,5.4,Spurs,79.20,79.20,79.20,79.20,79.20,79.20,79.20,79.20,79.20,79.20,3.62,2.84,3.79,3.45,2.96,3.14,3.34,4.18,3.15,4.28
D,569,Romero,5.0,5.0,Spurs,0.00,86.70,86.70,86.70,86.70,86.70,86.70,86.70,86.70,86.70,0.00,3.09,4.09,3.69,3.17,3.48,3.63,4.42,3.47,4.42
D,570,Danso,4.3,4.3,Spurs,86.70,10.05,10.05,10.05,10.05,10.05,10.05,10.05,10.05,10.05,3.76,0.39,0.44,0.41,0.39,0.40,0.42,0.44,0.41,0.45
D,571,Davies,4.3,4.3,Spurs,1.50,1.50,1.50,1.50,1.50,1.50,1.50,1.50,1.50,1.50,0.06,0.05,0.06,0.06,0.05,0.05,0.06,0.06,0.06,0.06
D,572,Dragusin,4.5,4.5,Spurs,0.90,0.90,0.90,0.90,0.90,0.90,0.90,0.90,0.90,0.90,0.03,0.03,0.03,0.03,0.03,0.03,0.03,0.03,0.03,0.03
D,573,Spence,4.5,4.5,Spurs,63.75,63.75,63.75,63.75,63.75,63.75,63.75,63.75,63.75,63.75,2.58,1.98,2.64,2.46,2.08,2.22,2.29,2.96,2.21,2.98
D,574,Udogie,4.4,4.4,Spurs,37.20,37.20,37.20,37.20,37.20,37.20,37.20,37.20,37.20,37.20,1.61,1.27,1.67,1.53,1.32,1.41,1.46,1.86,1.41,1.87
D,575,Van de Ven,4.8,4.8,Spurs,86.70,86.70,86.70,86.70,86.70,86.70,86.70,86.70,86.70,86.70,3.41,2.58,3.51,3.24,2.73,2.96,3.07,3.99,2.96,4.04
D,577,Takai,4.0,4.0,Spurs,0.60,0.60,0.60,0.60,0.60,0.60,0.60,0.60,0.60,0.60,0.02,0.02,0.02,0.02,0.02,0.02,0.02,0.02,0.02,0.02
M,580,Johnson,6.6,6.6,Spurs,37.35,37.35,37.35,37.35,37.35,37.35,37.35,37.35,37.35,37.35,1.93,1.66,1.98,1.79,1.78,1.72,1.81,2.02,1.74,2.16
M,581,Maddison,6.8,6.8,Spurs,0.00,0.00,0.00,0.00,0.00,0.00,0.00,0.00,0.00,0.00,0.00,0.00,0.00,0.00,0.00,0.00,0.00,0.00,0.00,0.00
M,582,Kudus,6.5,6.5,Spurs,83.55,83.55,83.55,83.55,83.55,83.55,83.55,83.55,83.55,83.55,4.35,3.76,4.44,3.98,3.91,3.78,3.96,4.58,3.89,4.91
M,583,Kulusevski,6.4,6.4,Spurs,0.00,0.00,0.00,0.00,0.00,0.00,0.00,0.00,0.00,0.00,0.00,0.00,0.00,0.00,0.00,0.00,0.00,0.00,0.00,0.00
M,584,Tel,6.3,6.3,Spurs,24.00,24.00,24.00,24.00,24.00,24.00,24.00,24.00,24.00,24.00,1.30,1.14,1.35,1.20,1.21,1.16,1.21,1.37,1.19,1.46
M,585,Bentancur,5.3,5.3,Spurs,60.15,60.15,60.15,60.15,73.05,73.05,73.05,73.05,73.05,73.05,2.40,2.33,2.49,2.45,2.85,2.81,2.86,3.06,2.91,3.14
M,586,Bergvall,5.4,5.4,Spurs,27.75,27.75,27.75,27.75,47.85,47.85,47.85,47.85,47.85,47.85,1.06,1.02,1.08,1.06,1.78,1.76,1.80,1.91,1.79,1.97
M,587,Bissouma,5.2,5.2,Spurs,0.00,0.00,0.00,0.00,0.00,0.00,0.00,0.00,0.00,0.00,0.00,0.00,0.00,0.00,0.00,0.00,0.00,0.00,0.00,0.00
M,588,Odobert,5.3,5.3,Spurs,32.10,32.10,32.10,32.10,32.10,32.10,32.10,32.10,32.10,32.10,1.63,1.45,1.68,1.51,1.53,1.47,1.54,1.70,1.48,1.80
M,591,Gray,4.8,4.8,Spurs,9.60,9.60,9.60,9.60,13.35,13.35,13.35,13.35,13.35,13.35,0.33,0.32,0.33,0.32,0.43,0.43,0.44,0.46,0.44,0.47
M,593,P.M.Sarr,4.8,4.8,Spurs,42.60,42.60,42.60,42.60,0.00,0.00,0.00,0.00,0.00,0.00,1.81,1.69,1.83,1.76,0.00,0.00,0.00,0.00,0.00,0.00
M,595,Olusesi,4.4,4.4,Spurs,0.30,0.30,0.30,0.30,0.30,0.30,0.30,0.30,0.30,0.30,0.01,0.01,0.01,0.01,0.01,0.01,0.01,0.01,0.01,0.01
F,596,Solanke,7.2,7.2,Spurs,0.00,0.00,0.00,0.00,45.45,45.45,45.45,45.45,45.45,45.45,0.00,0.00,0.00,0.00,2.31,2.19,2.30,2.60,2.25,2.81
F,597,Richarlison,6.4,6.4,Spurs,40.05,40.05,40.05,40.05,30.90,30.90,30.90,30.90,30.90,30.90,2.23,1.91,2.29,2.04,1.57,1.51,1.56,1.77,1.52,1.89
F,599,Scarlett,4.3,4.3,Spurs,0.75,0.75,0.75,0.75,0.75,0.75,0.75,0.75,0.75,0.75,0.04,0.03,0.04,0.03,0.03,0.03,0.03,0.04,0.03,0.04
G,600,Areola,4.3,4.3,West Ham,89.10,89.10,89.10,89.10,89.10,89.10,89.10,89.10,89.10,89.10,2.68,2.14,2.45,2.89,1.97,3.09,2.83,3.19,3.26,2.63
G,602,Hegyi,3.9,3.9,West Ham,0.00,0.00,0.00,0.00,0.00,0.00,0.00,0.00,0.00,0.00,0.00,0.00,0.00,0.00,0.00,0.00,0.00,0.00,0.00,0.00
D,603,Diouf,4.3,4.3,West Ham,81.15,83.25,83.25,83.25,0.00,0.00,0.00,0.00,0.00,0.00,2.51,2.18,2.37,2.94,0.00,0.00,0.00,0.00,0.00,0.00
D,605,Kilman,4.3,4.3,West Ham,87.45,87.45,87.45,87.45,87.45,87.45,87.45,87.45,87.45,87.45,2.95,2.70,2.80,3.42,1.90,3.45,3.15,3.69,3.54,3.02
D,606,Mavropanos,4.4,4.4,West Ham,24.60,59.10,70.95,59.10,59.10,59.10,70.95,59.10,59.10,59.10,0.93,2.17,2.70,2.67,1.63,2.70,2.97,2.83,2.77,2.38
D,608,Scarles,4.4,4.4,West Ham,0.00,18.15,18.15,18.15,83.25,83.25,83.25,83.25,83.25,83.25,0.00,0.61,0.63,0.69,1.53,3.21,2.86,3.26,3.26,2.60
D,609,Todibo,4.3,4.3,West Ham,53.85,33.00,45.75,33.00,33.00,33.00,45.75,33.00,33.00,33.00,1.81,1.05,1.49,1.27,0.81,1.29,1.64,1.33,1.32,1.15
D,610,Wan-Bissaka,4.2,4.2,West Ham,78.30,78.30,78.30,78.30,0.00,0.00,0.00,0.00,0.00,0.00,2.45,2.17,2.33,2.89,0.00,0.00,0.00,0.00,0.00,0.00
M,612,L.Paquetá,5.9,5.9,West Ham,85.50,85.50,85.50,85.50,85.50,85.50,85.50,85.50,85.50,85.50,3.98,3.69,3.74,4.06,3.25,4.13,4.08,4.16,4.22,3.75
M,613,Souček,5.7,5.7,West Ham,30.00,30.00,30.00,30.00,30.00,30.00,30.00,30.00,30.00,30.00,1.31,1.21,1.24,1.31,1.12,1.33,1.32,1.33,1.33,1.23
M,614,Ward-Prowse,5.6,5.6,West Ham,0.00,0.00,0.00,0.00,0.00,0.00,0.00,0.00,0.00,0.00,0.00,0.00,0.00,0.00,0.00,0.00,0.00,0.00,0.00,0.00
M,615,Summerville,5.5,5.5,West Ham,44.85,69.30,69.30,69.30,69.30,69.30,69.30,69.30,69.30,69.30,1.90,2.67,2.71,2.96,2.43,3.04,3.01,3.07,3.09,2.75
M,618,G.Rodriguez,4.8,4.8,West Ham,3.45,3.45,3.45,3.45,3.45,3.45,3.45,3.45,3.45,3.45,0.11,0.11,0.11,0.11,0.10,0.11,0.11,0.11,0.11,0.11
M,619,L.Guilherme,4.9,4.9,West Ham,29.10,6.60,6.60,6.60,6.60,6.60,6.60,6.60,6.60,6.60,1.17,0.26,0.26,0.28,0.23,0.27,0.27,0.27,0.28,0.26
M,620,Earthy,4.5,4.5,West Ham,0.00,0.00,0.00,0.00,0.00,0.00,0.00,0.00,0.00,0.00,0.00,0.00,0.00,0.00,0.00,0.00,0.00,0.00,0.00,0.00
M,621,Irving,4.4,4.4,West Ham,9.00,9.00,9.00,9.00,9.00,9.00,9.00,9.00,9.00,9.00,0.31,0.30,0.30,0.31,0.28,0.32,0.31,0.32,0.32,0.30
M,623,Potts,4.4,4.4,West Ham,75.45,75.45,75.45,75.45,75.45,75.45,75.45,75.45,75.45,75.45,2.46,2.38,2.41,2.52,2.20,2.54,2.54,2.56,2.64,2.46
F,624,Bowen,7.6,7.6,West Ham,87.60,87.60,87.60,87.60,87.60,87.60,87.60,87.60,87.60,87.60,3.94,3.62,3.58,3.94,3.18,3.99,3.98,4.09,4.09,3.54
F,625,Füllkrug,5.6,5.6,West Ham,46.95,46.95,46.95,46.95,46.95,46.95,46.95,46.95,46.95,46.95,2.10,1.92,1.96,2.06,1.74,2.13,2.10,2.09,2.18,1.95
F,626,Marshall,4.4,4.4,West Ham,8.85,8.85,8.85,8.85,8.85,8.85,8.85,8.85,8.85,8.85,0.46,0.42,0.45,0.47,0.40,0.48,0.48,0.48,0.48,0.43
G,627,Johnstone,4.5,4.5,Wolves,89.10,89.10,89.10,89.10,89.10,89.10,89.10,89.10,89.10,89.10,2.49,3.17,2.65,2.13,3.08,2.28,2.29,3.38,2.79,2.66
G,628,José Sá,4.3,4.3,Wolves,0.90,0.90,0.90,0.90,0.90,0.90,0.90,0.90,0.90,0.90,0.03,0.03,0.03,0.02,0.03,0.02,0.02,0.03,0.03,0.03
G,629,Bentley,4.0,4.0,Wolves,0.00,0.00,0.00,0.00,0.00,0.00,0.00,0.00,0.00,0.00,0.00,0.00,0.00,0.00,0.00,0.00,0.00,0.00,0.00,0.00
G,630,King,3.9,3.9,Everton,0.00,0.00,0.00,0.00,0.00,0.00,0.00,0.00,0.00,0.00,0.00,0.00,0.00,0.00,0.00,0.00,0.00,0.00,0.00,0.00
D,631,Agbadou,4.3,4.3,Wolves,64.50,64.50,64.50,64.50,12.60,0.00,0.00,0.00,0.00,0.00,2.54,2.82,2.56,2.03,0.52,0.00,0.00,0.00,0.00,0.00
D,632,Doherty,4.4,4.4,Wolves,0.00,20.25,30.90,39.60,54.45,58.35,58.35,58.35,58.35,58.35,0.00,0.89,1.17,1.11,2.29,1.61,1.83,2.76,2.22,2.10
D,633,H.Bueno,4.4,4.4,Wolves,38.70,38.70,38.70,38.70,68.40,75.90,75.90,75.90,75.90,75.90,1.37,1.67,1.42,1.04,2.89,1.96,2.24,3.63,2.78,2.66
D,634,Mosquera,4.3,4.3,Wolves,16.35,16.35,16.35,16.35,9.30,9.30,9.30,9.30,9.30,9.30,0.57,0.61,0.57,0.50,0.32,0.29,0.30,0.34,0.31,0.31
D,635,R.Gomes,4.4,4.4,Wolves,0.00,0.00,0.00,0.00,0.00,0.00,0.00,0.00,0.00,0.00,0.00,0.00,0.00,0.00,0.00,0.00,0.00,0.00,0.00,0.00
D,636,S.Bueno,4.4,4.4,Wolves,54.00,54.00,54.00,54.00,78.60,78.60,78.60,78.60,78.60,78.60,2.04,2.29,2.02,1.64,3.24,2.29,2.53,3.50,3.03,2.77
D,637,Toti,4.3,4.3,Wolves,57.00,57.00,57.00,57.00,21.30,24.75,24.75,24.75,24.75,24.75,1.65,1.98,1.65,1.26,0.70,0.64,0.69,0.89,0.78,0.76
D,638,Hoever,3.9,3.9,Wolves,22.80,22.80,22.80,15.75,15.75,15.75,15.75,15.75,15.75,15.75,0.85,1.01,0.88,0.49,0.67,0.51,0.55,0.73,0.61,0.60
D,641,Pond,3.9,3.9,Wolves,1.95,1.95,1.95,1.95,1.95,1.95,1.95,1.95,1.95,1.95,0.08,0.08,0.08,0.07,0.09,0.08,0.08,0.09,0.08,0.08
M,642,Hee Chan,5.7,5.7,Wolves,33.15,33.15,33.15,33.15,48.60,48.60,48.60,48.60,48.60,48.60,1.43,1.62,1.56,1.22,2.37,1.94,2.10,2.60,2.07,2.22
M,643,André,5.3,5.3,Wolves,73.80,73.80,73.80,73.80,73.80,73.80,73.80,73.80,73.80,73.80,2.94,3.05,2.94,2.70,2.94,2.85,2.92,3.00,2.91,2.92
M,644,Bellegarde,5.2,5.2,Wolves,36.75,36.75,36.75,36.75,54.90,54.90,54.90,54.90,54.90,54.90,1.38,1.51,1.47,1.22,2.36,1.99,2.09,2.55,2.13,2.22
M,645,Fer López,5.2,5.2,Wolves,18.00,18.00,18.00,18.00,41.40,41.40,41.40,41.40,41.40,41.40,0.71,0.80,0.77,0.62,1.85,1.54,1.63,2.03,1.63,1.74
M,646,Gomes,5.3,5.3,Wolves,79.80,79.80,79.80,79.80,79.80,79.80,79.80,79.80,79.80,79.80,3.07,3.24,3.12,2.69,3.13,2.92,3.00,3.31,2.99,3.08
M,648,Munetsi,5.4,5.4,Wolves,77.85,77.85,77.85,77.85,0.00,0.00,0.00,0.00,0.00,0.00,3.00,3.38,3.18,2.53,0.00,0.00,0.00,0.00,0.00,0.00
M,650,Chirewa,4.3,4.3,Wolves,1.05,1.05,1.05,1.05,1.05,1.05,1.05,1.05,1.05,1.05,0.04,0.04,0.04,0.03,0.04,0.04,0.04,0.05,0.04,0.04
M,651,Edozie,4.3,4.3,Wolves,0.00,0.00,0.00,0.00,0.00,0.00,0.00,0.00,0.00,0.00,0.00,0.00,0.00,0.00,0.00,0.00,0.00,0.00,0.00,0.00
M,652,Gonzalez,4.4,4.4,Wolves,2.85,2.85,2.85,2.85,2.85,2.85,2.85,2.85,2.85,2.85,0.11,0.12,0.12,0.10,0.12,0.11,0.11,0.13,0.11,0.12
F,654,Strand Larsen,6.3,6.3,Wolves,79.80,79.80,79.80,79.80,82.05,82.05,82.05,82.05,82.05,82.05,3.42,3.98,3.76,2.80,4.16,3.31,3.54,4.54,3.53,3.78
F,657,Chiwome,4.4,4.4,Wolves,0.00,0.00,0.00,0.00,0.00,0.00,0.00,0.00,0.00,0.00,0.00,0.00,0.00,0.00,0.00,0.00,0.00,0.00,0.00,0.00
F,658,Fraser,4.3,4.3,Wolves,0.30,0.30,0.30,0.30,0.30,0.30,0.30,0.30,0.30,0.30,0.01,0.02,0.02,0.01,0.02,0.01,0.01,0.02,0.01,0.01
D,659,Walker-Peters,4.3,4.3,West Ham,34.50,27.75,27.75,27.75,84.90,84.90,84.90,84.90,84.90,84.90,1.14,0.82,0.90,1.05,1.31,3.06,2.72,3.13,3.12,2.36
M,660,Stach,4.8,4.8,Leeds United,0.00,61.35,75.45,75.45,75.45,75.45,75.45,68.40,68.40,68.40,0.00,2.29,2.88,2.86,3.03,3.01,2.62,2.71,2.48,2.78
F,661,Ekitiké,8.5,8.5,Liverpool,28.05,33.30,33.30,33.30,45.75,45.75,45.75,45.75,45.75,45.75,1.78,2.13,1.90,2.07,2.46,3.09,2.82,2.51,1.97,3.21
D,662,Mosquera,5.4,5.4,Arsenal,25.95,25.95,25.95,25.95,9.75,9.75,9.75,9.75,9.75,9.75,1.05,1.31,1.20,1.35,0.41,0.41,0.42,0.40,0.39,0.41
M,663,J.Arias,5.0,5.0,Wolves,41.40,41.40,41.40,41.40,69.60,69.60,69.60,69.60,69.60,69.60,1.73,1.96,1.85,1.47,3.32,2.80,2.95,3.61,2.93,3.10
G,664,Lecomte,3.9,3.9,Fulham,0.90,0.90,0.90,0.90,0.90,0.90,0.90,0.90,0.90,0.90,0.03,0.03,0.03,0.04,0.03,0.03,0.03,0.03,0.03,0.03
G,665,Perri,4.5,4.5,Leeds United,89.10,89.10,89.10,89.10,89.10,89.10,89.10,89.10,89.10,89.10,2.19,2.94,2.95,3.12,3.42,3.56,2.62,3.00,2.66,3.49
F,666,Gyökeres,8.8,8.8,Arsenal,15.90,46.65,60.15,60.15,60.15,60.15,60.15,60.15,60.15,60.15,0.81,2.97,3.12,4.04,3.10,3.58,3.46,3.28,3.35,3.24
D,667,Aznou,4.3,4.3,Everton,10.05,10.05,10.05,10.05,10.05,10.05,10.05,10.05,10.05,10.05,0.45,0.45,0.48,0.41,0.42,0.50,0.46,0.49,0.51,0.46
M,668,Xhaka,5.2,5.2,Sunderland,87.75,87.75,87.75,87.75,87.75,87.75,87.75,87.75,87.75,87.75,3.80,3.43,3.26,3.65,3.54,3.74,3.32,3.62,3.56,3.57
M,669,Ndoye,5.6,5.6,Nott'm Forest,73.80,73.80,73.80,69.15,69.15,69.15,69.15,69.15,69.15,69.15,3.31,3.34,2.86,3.02,2.79,2.62,2.96,2.73,3.05,2.52
G,670,Roefs,4.7,4.7,Sunderland,89.10,89.10,89.10,89.10,89.10,89.10,89.10,89.10,89.10,89.10,3.38,2.53,2.31,3.04,2.84,3.60,2.65,2.99,3.09,3.44
F,671,Wilson,5.8,5.8,West Ham,36.00,36.00,36.00,36.00,36.00,36.00,36.00,36.00,36.00,36.00,1.57,1.46,1.47,1.56,1.31,1.60,1.61,1.61,1.62,1.43
D,672,Hato,4.7,4.7,Chelsea,7.05,7.05,7.05,7.05,7.05,7.05,7.05,7.05,7.05,7.05,0.25,0.28,0.26,0.28,0.25,0.28,0.27,0.23,0.26,0.28
M,673,J.Palhinha,5.5,5.5,Spurs,86.10,86.10,86.10,86.10,86.10,86.10,86.10,86.10,86.10,86.10,3.24,3.17,3.34,3.29,3.18,3.09,3.18,3.40,3.23,3.48
G,674,Ramsdale,4.8,4.8,Newcastle,9.00,9.00,9.00,9.00,9.00,9.00,9.00,9.00,9.00,9.00,0.31,0.33,0.40,0.34,0.30,0.27,0.37,0.33,0.36,0.35
G,675,Gunn,4.0,4.0,Nott'm Forest,0.00,0.00,0.00,0.00,0.00,0.00,0.00,0.00,0.00,0.00,0.00,0.00,0.00,0.00,0.00,0.00,0.00,0.00,0.00,0.00
M,676,Ugochukwu,5.0,5.0,Burnley,72.15,72.15,72.15,72.15,68.70,68.70,68.70,68.70,68.70,68.70,2.48,2.55,2.33,2.67,2.34,2.51,2.41,2.32,2.47,2.19
M,677,Guessand,6.2,6.2,Aston Villa,27.75,40.50,40.50,40.50,51.30,0.00,0.00,0.00,0.00,0.00,1.67,1.89,1.71,2.16,2.56,0.00,0.00,0.00,0.00,0.00
D,678,Masuaku,3.9,3.9,Sunderland,11.25,11.25,11.25,11.25,0.00,0.00,0.00,0.00,0.00,0.00,0.44,0.37,0.35,0.42,0.00,0.00,0.00,0.00,0.00,0.00
G,679,Hermansen,4.3,4.3,West Ham,0.90,0.90,0.90,0.90,0.90,0.90,0.90,0.90,0.90,0.90,0.03,0.02,0.03,0.03,0.02,0.03,0.03,0.03,0.03,0.03
F,680,Broja,5.2,5.2,Burnley,14.70,14.70,14.70,14.70,29.10,29.10,29.10,29.10,29.10,29.10,0.69,0.71,0.65,0.73,1.31,1.36,1.34,1.27,1.38,1.22
F,681,Šeško,7.2,7.2,Man Utd,0.00,0.00,0.00,0.00,74.10,77.40,77.40,77.40,77.40,77.40,0.00,0.00,0.00,0.00,3.40,3.93,4.66,3.90,4.36,3.57
D,682,Møller Wolfe,4.3,4.3,Wolves,54.15,54.15,54.15,54.15,54.15,54.15,54.15,54.15,54.15,54.15,1.78,2.27,1.85,1.25,2.18,1.31,1.51,2.54,1.91,1.86
D,683,Alderete,4.1,4.1,Sunderland,39.30,55.35,55.35,55.35,75.45,83.40,83.40,83.40,83.40,83.40,1.89,1.96,1.61,2.36,2.96,4.21,2.58,3.41,3.65,3.82
D,684,Thiaw,4.9,4.9,Newcastle,84.75,84.75,84.75,84.75,84.75,84.75,84.75,84.75,84.75,84.75,4.16,4.22,5.19,4.39,3.77,3.66,4.91,4.39,4.77,4.70
D,685,Diakité,4.5,4.5,Bournemouth,61.50,61.50,61.50,61.50,61.50,61.50,61.50,61.50,61.50,61.50,2.79,2.96,2.36,2.33,3.28,2.66,2.15,2.32,2.72,2.39
M,686,Ngumoha,4.4,4.4,Liverpool,5.85,5.85,5.85,5.85,5.85,5.85,5.85,5.85,5.85,5.85,0.34,0.36,0.33,0.35,0.31,0.38,0.35,0.31,0.26,0.39
M,687,Rees-Dottin,4.4,4.4,Bournemouth,2.40,2.40,2.40,2.40,2.40,2.40,2.40,2.40,2.40,2.40,0.14,0.14,0.14,0.13,0.16,0.14,0.13,0.12,0.14,0.13
G,688,Wright,4.0,4.0,Aston Villa,0.00,0.00,0.00,0.00,0.00,0.00,0.00,0.00,0.00,0.00,0.00,0.00,0.00,0.00,0.00,0.00,0.00,0.00,0.00,0.00
M,689,Seung soo,4.4,4.4,Newcastle,1.20,1.20,1.20,1.20,1.20,1.20,1.20,1.20,1.20,1.20,0.06,0.07,0.08,0.07,0.07,0.06,0.07,0.07,0.07,0.07
M,690,Cardines,4.4,4.4,Crystal Palace,1.20,1.20,1.20,1.20,1.20,1.20,1.20,1.20,1.20,1.20,0.05,0.05,0.04,0.04,0.04,0.05,0.05,0.04,0.05,0.04
F,691,Calvert-Lewin,5.5,5.5,Leeds United,39.45,39.45,39.45,39.45,39.45,39.45,39.45,39.45,39.45,39.45,1.58,1.79,1.78,1.83,1.92,1.82,1.65,1.92,1.68,1.99
D,692,Leoni,4.9,4.9,Liverpool,0.00,0.00,0.00,0.00,0.00,0.00,0.00,0.00,0.00,0.00,0.00,0.00,0.00,0.00,0.00,0.00,0.00,0.00,0.00,0.00
M,693,Hutchinson,5.4,5.4,Nott'm Forest,31.50,28.05,28.05,18.15,18.15,18.15,18.15,18.15,18.15,18.15,1.51,1.36,1.19,0.86,0.80,0.77,0.84,0.78,0.87,0.72
D,694,Mukiele,4.2,4.2,Sunderland,84.00,84.00,84.00,84.00,87.00,87.00,87.00,87.00,87.00,87.00,4.22,3.08,2.51,3.72,3.51,4.52,2.85,3.71,3.94,4.05
D,695,Tchatchoua,4.5,4.5,Wolves,66.90,52.35,45.15,45.15,18.00,0.00,0.00,0.00,0.00,0.00,2.18,2.18,1.56,1.15,0.77,0.00,0.00,0.00,0.00,0.00
F,696,Kalimuendo,6.0,6.0,Nott'm Forest,10.20,10.20,7.05,5.70,5.70,5.70,5.70,5.70,5.70,5.70,0.53,0.53,0.34,0.30,0.28,0.27,0.30,0.28,0.31,0.26
M,697,Adli,5.4,5.4,Bournemouth,23.25,14.85,14.85,14.85,0.00,0.00,0.00,0.00,0.00,0.00,1.19,0.78,0.77,0.72,0.00,0.00,0.00,0.00,0.00,0.00
M,698,Okafor,5.5,5.5,Leeds United,71.85,71.85,71.85,71.85,71.85,71.85,71.85,71.85,71.85,71.85,2.99,3.38,3.39,3.46,3.67,3.50,3.10,3.66,3.17,3.74
M,699,Douglas Luiz,5.0,5.0,Nott'm Forest,0.00,0.00,0.00,44.10,72.30,72.30,72.30,72.30,72.30,72.30,0.00,0.00,0.00,1.83,2.71,2.54,2.84,2.74,2.88,2.46
M,700,Dowman,4.3,4.3,Arsenal,4.35,4.35,4.35,4.35,4.35,4.35,4.35,4.35,4.35,4.35,0.21,0.26,0.22,0.27,0.22,0.24,0.24,0.22,0.23,0.23
M,702,Burrowes,4.4,4.4,Aston Villa,1.80,1.80,1.80,1.80,1.80,1.80,1.80,1.80,1.80,1.80,0.10,0.09,0.08,0.09,0.09,0.08,0.08,0.09,0.09,0.09
G,703,Proctor,4.0,4.0,Aston Villa,0.00,0.00,0.00,0.00,0.00,0.00,0.00,0.00,0.00,0.00,0.00,0.00,0.00,0.00,0.00,0.00,0.00,0.00,0.00,0.00
D,705,Campbell,3.9,3.9,Everton,2.85,2.85,2.85,2.85,2.85,2.85,2.85,2.85,2.85,2.85,0.12,0.13,0.13,0.12,0.12,0.13,0.12,0.13,0.14,0.13
D,706,Justin,3.9,3.9,Leeds United,14.25,14.25,14.25,14.25,14.25,14.25,14.25,14.25,14.25,14.25,0.44,0.50,0.50,0.53,0.55,0.54,0.48,0.53,0.49,0.55
M,707,Dibling,5.4,5.4,Everton,15.45,15.45,15.45,15.45,50.10,50.10,50.10,50.10,50.10,50.10,0.73,0.70,0.77,0.68,1.95,2.43,2.19,2.41,2.60,2.11
M,708,M.Fernandes,5.5,5.5,West Ham,75.15,75.15,75.15,75.15,75.15,75.15,75.15,75.15,75.15,75.15,2.92,2.76,2.84,3.01,2.50,3.07,3.03,3.10,3.10,2.80
D,709,Krejčí,4.5,4.5,Wolves,86.70,86.70,86.70,86.70,84.75,84.75,84.75,84.75,84.75,84.75,3.11,3.78,3.16,2.30,3.66,2.36,2.69,4.11,3.26,3.03
D,710,Patterson,3.9,3.9,Aston Villa,0.30,0.30,0.30,0.30,0.30,0.30,0.30,0.30,0.30,0.30,0.01,0.01,0.01,0.01,0.01,0.01,0.01,0.01,0.01,0.01
M,711,Harriman-Annous,4.5,4.5,Arsenal,0.30,0.30,0.30,0.30,0.30,0.30,0.30,0.30,0.30,0.30,0.02,0.02,0.02,0.02,0.02,0.02,0.02,0.02,0.02,0.02
M,712,Yeremy,5.8,5.8,Crystal Palace,64.20,64.20,64.20,64.20,77.85,77.85,77.85,77.85,77.85,77.85,3.28,3.44,3.01,2.81,3.85,4.16,4.23,3.50,4.10,3.94
D,713,A.Jimenez,4.5,4.5,Bournemouth,49.65,49.65,49.65,49.65,49.65,49.65,49.65,49.65,49.65,49.65,2.26,2.41,1.93,1.70,2.87,2.02,1.63,1.71,2.28,1.87
F,714,Woltemade,7.4,7.4,Newcastle,79.05,79.05,63.30,63.30,76.05,76.05,76.05,76.05,76.05,76.05,4.04,4.53,4.10,3.35,4.11,3.87,4.65,4.32,4.60,4.40
G,715,John,4.0,4.0,Nott'm Forest,0.90,0.90,0.90,0.90,0.90,0.90,0.90,0.90,0.90,0.90,0.03,0.03,0.03,0.03,0.03,0.03,0.03,0.03,0.03,0.03
D,716,Savona,4.5,4.5,Nott'm Forest,71.10,71.10,71.10,71.10,71.10,71.10,71.10,71.10,71.10,71.10,2.87,3.25,2.82,3.02,2.77,2.07,3.14,2.65,3.07,2.36
M,717,Xavi,6.6,6.6,Spurs,71.70,71.70,71.70,71.70,71.70,71.70,71.70,71.70,71.70,71.70,3.66,3.18,3.77,3.40,3.34,3.17,3.45,3.82,3.39,4.05
M,718,S.Magassa,5.0,5.0,West Ham,14.25,14.25,14.25,14.25,14.25,14.25,14.25,14.25,14.25,14.25,0.49,0.47,0.48,0.50,0.46,0.50,0.50,0.50,0.51,0.48
D,719,Lindelöf,4.5,4.5,Aston Villa,18.45,18.45,18.45,18.45,18.45,18.45,18.45,9.00,9.00,9.00,0.76,0.62,0.60,0.69,0.64,0.59,0.57,0.33,0.31,0.33
F,720,Tolu,5.5,5.5,Wolves,36.15,36.15,36.15,36.15,0.00,0.00,0.00,0.00,0.00,0.00,1.55,1.76,1.70,1.29,0.00,0.00,0.00,0.00,0.00,0.00
D,721,Milosavljević,4.5,4.5,Bournemouth,28.95,28.95,28.95,28.95,28.95,28.95,28.95,28.95,28.95,28.95,1.41,1.51,1.25,1.24,1.63,1.37,1.15,1.22,1.40,1.26
M,722,Florentino,5.0,5.0,Burnley,87.00,87.00,87.00,87.00,87.00,87.00,87.00,87.00,87.00,87.00,3.37,3.37,3.40,3.47,3.45,3.48,3.49,3.44,3.46,3.35
D,723,Canvot,4.5,4.5,Crystal Palace,7.05,7.05,7.05,7.05,7.05,7.05,7.05,7.05,7.05,7.05,0.32,0.35,0.31,0.27,0.32,0.33,0.33,0.29,0.33,0.33
D,724,Geertruida,4.5,4.5,Sunderland,69.90,62.25,62.25,62.25,35.40,50.70,50.70,50.70,50.70,50.70,3.16,2.02,1.64,2.50,1.36,2.44,1.57,2.00,2.10,2.21
D,725,Hincapie,5.4,5.4,Arsenal,73.65,73.65,73.65,73.65,16.35,16.35,16.35,16.35,16.35,16.35,3.08,4.11,3.57,4.31,0.73,0.74,0.77,0.71,0.70,0.73
F,726,Kolo Muani,6.9,6.9,Spurs,71.10,71.10,71.10,71.10,36.90,36.90,36.90,36.90,36.90,36.90,3.36,2.95,3.47,3.06,1.67,1.60,1.71,1.90,1.64,2.04
M,727,Chukwueze,5.3,5.3,Fulham,13.65,13.65,13.65,13.65,0.00,0.00,0.00,0.00,0.00,0.00,0.64,0.60,0.66,0.70,0.00,0.00,0.00,0.00,0.00,0.00
M,728,Röhl,5.0,5.0,Everton,0.00,0.00,0.00,14.25,48.75,48.75,48.75,48.75,48.75,48.75,0.00,0.00,0.00,0.56,1.79,2.16,2.00,2.11,2.23,1.95
F,730,Brobbey,5.5,5.5,Sunderland,17.55,17.55,17.55,17.55,43.65,65.55,65.55,65.55,65.55,65.55,0.95,0.82,0.77,0.90,1.89,2.96,2.56,2.70,2.73,2.89
M,731,Kevin,5.9,5.9,Fulham,45.15,45.15,45.15,45.15,69.75,69.75,69.75,69.75,69.75,69.75,1.92,1.75,2.01,2.09,3.26,3.22,2.85,2.88,2.99,2.96
F,732,Uche,5.5,5.5,Crystal Palace,3.00,3.00,3.00,3.00,0.00,0.00,0.00,0.00,0.00,0.00,0.17,0.18,0.16,0.16,0.00,0.00,0.00,0.00,0.00,0.00
G,733,Lammens,5.0,5.0,Man Utd,89.10,89.10,89.10,89.10,89.10,89.10,89.10,89.10,89.10,89.10,2.99,3.71,3.54,3.26,2.87,3.00,3.87,3.20,3.74,2.54
M,734,Bakwa,5.9,5.9,Nott'm Forest,0.00,0.00,0.00,34.80,34.80,34.80,34.80,34.80,34.80,34.80,0.00,0.00,0.00,1.54,1.43,1.33,1.51,1.39,1.55,1.26
M,735,Traoré,5.5,5.5,Sunderland,66.00,66.00,66.00,66.00,28.05,0.00,0.00,0.00,0.00,0.00,2.95,2.49,2.30,2.78,1.14,0.00,0.00,0.00,0.00,0.00
G,736,Donnarumma,5.7,5.7,Man City,89.10,89.10,89.10,89.10,89.10,89.10,89.10,89.10,89.10,89.10,3.66,3.36,3.98,3.30,3.91,3.52,3.65,3.31,3.44,2.90
F,737,Kusi-Asare,4.5,4.5,Fulham,9.30,9.30,9.30,9.30,9.30,9.30,9.30,2.70,2.70,2.70,0.44,0.43,0.48,0.50,0.50,0.49,0.44,0.14,0.14,0.14
G,738,Fabianski,4.5,4.5,West Ham,0.00,0.00,0.00,0.00,0.00,0.00,0.00,0.00,0.00,0.00,0.00,0.00,0.00,0.00,0.00,0.00,0.00,0.00,0.00,0.00
M,739,Mukasa,4.5,4.5,Man City,0.60,0.60,0.60,0.60,0.60,0.60,0.60,0.60,0.60,0.60,0.03,0.03,0.03,0.03,0.03,0.03,0.03,0.03,0.03,0.03
D,740,Mfuni,4.0,4.0,Man City,1.20,1.20,1.20,1.20,1.20,1.20,1.20,1.20,1.20,1.20,0.04,0.04,0.05,0.04,0.05,0.04,0.04,0.04,0.04,0.04
F,741,Gray,4.5,4.5,Leeds United,0.00,0.00,0.00,0.00,0.00,0.00,0.00,0.00,0.00,0.00,0.00,0.00,0.00,0.00,0.00,0.00,0.00,0.00,0.00,0.00
M,742,McAidoo,4.5,4.5,Man City,0.30,0.30,0.30,0.30,0.30,0.30,0.30,0.30,0.30,0.30,0.02,0.01,0.02,0.01,0.02,0.01,0.01,0.01,0.01,0.01
M,743,Emenalo,4.5,4.5,Chelsea,0.00,0.00,0.00,0.00,0.00,0.00,0.00,0.00,0.00,0.00,0.00,0.00,0.00,0.00,0.00,0.00,0.00,0.00,0.00,0.00
M,744,Oriola,4.5,4.5,Brighton,0.00,0.00,0.00,0.00,0.00,0.00,0.00,0.00,0.00,0.00,0.00,0.00,0.00,0.00,0.00,0.00,0.00,0.00,0.00,0.00
D,745,Byfield,4.0,4.0,Spurs,0.00,0.00,0.00,0.00,0.00,0.00,0.00,0.00,0.00,0.00,0.00,0.00,0.00,0.00,0.00,0.00,0.00,0.00,0.00,0.00
M,746,Morrison,4.5,4.5,Liverpool,0.00,0.00,0.00,0.00,0.00,0.00,0.00,0.00,0.00,0.00,0.00,0.00,0.00,0.00,0.00,0.00,0.00,0.00,0.00,0.00
D,747,Mayers,4.0,4.0,West Ham,0.00,0.00,0.00,0.00,0.00,0.00,0.00,0.00,0.00,0.00,0.00,0.00,0.00,0.00,0.00,0.00,0.00,0.00,0.00,0.00
M,748,Dasilva,5.0,5.0,Brentford,0.00,0.00,0.00,0.00,0.00,0.00,0.00,0.00,0.00,0.00,0.00,0.00,0.00,0.00,0.00,0.00,0.00,0.00,0.00,0.00
F,749,Mané,4.5,4.5,Wolves,0.00,0.00,0.00,0.00,0.00,0.00,0.00,0.00,0.00,0.00,0.00,0.00,0.00,0.00,0.00,0.00,0.00,0.00,0.00,0.00
D,750,Rowswell,4.0,4.0,Spurs,0.00,0.00,0.00,0.00,0.00,0.00,0.00,0.00,0.00,0.00,0.00,0.00,0.00,0.00,0.00,0.00,0.00,0.00,0.00,0.00
M,751,Akhamrich,4.5,4.5,Spurs,0.00,0.00,0.00,0.00,0.00,0.00,0.00,0.00,0.00,0.00,0.00,0.00,0.00,0.00,0.00,0.00,0.00,0.00,0.00,0.00
D,752,Golambeckis,4.0,4.0,West Ham,0.00,0.00,0.00,0.00,0.00,0.00,0.00,0.00,0.00,0.00,0.00,0.00,0.00,0.00,0.00,0.00,0.00,0.00,0.00,0.00
G,753,Ruddy,4.0,4.0,Newcastle,0.00,0.00,0.00,0.00,0.00,0.00,0.00,0.00,0.00,0.00,0.00,0.00,0.00,0.00,0.00,0.00,0.00,0.00,0.00,0.00
M,754,George Hemmings,4.5,4.5,Aston Villa,0.00,0.00,0.00,0.00,0.00,0.00,0.00,0.00,0.00,0.00,0.00,0.00,0.00,0.00,0.00,0.00,0.00,0.00,0.00,0.00
M,755,Lacey,4.5,4.5,Man Utd,0.00,0.00,0.00,0.00,0.00,0.00,0.00,0.00,0.00,0.00,0.00,0.00,0.00,0.00,0.00,0.00,0.00,0.00,0.00,0.00