Pos,ID,Name,BV,SV,Team,21_xMins,22_xMins,23_xMins,24_xMins,25_xMins,26_xMins,27_xMins,28_xMins,29_xMins,30_xMins,21_Pts,22_Pts,23_Pts,24_Pts,25_Pts,26_Pts,27_Pts,28_Pts,29_Pts,30_Pts
G,1,Raya,6.0,6.0,Arsenal,89.10,89.10,89.10,89.10,89.10,178.20,89.10,89.10,89.10,89.10,3.80,3.97,3.96,4.14,4.44,8.27,3.82,3.64,3.84,4.46
G,2,Arrizabalaga,4.1,4.1,Arsenal,1.20,1.20,1.20,1.20,1.20,2.40,1.20,1.20,1.20,1.20,0.05,0.05,0.05,0.05,0.05,0.10,0.05,0.05,0.05,0.05
G,4,Setford,3.9,3.9,Arsenal,0.00,0.00,0.00,0.00,0.00,0.00,0.00,0.00,0.00,0.00,0.00,0.00,0.00,0.00,0.00,0.00,0.00,0.00,0.00,0.00
D,5,Gabriel,6.6,6.6,Arsenal,84.45,84.45,84.45,84.45,84.45,168.90,84.45,84.45,84.45,84.45,5.26,5.23,5.43,5.65,5.95,11.47,5.18,4.81,4.95,6.03
D,6,Saliba,5.9,5.9,Arsenal,84.45,84.45,84.45,84.45,84.45,168.90,84.45,84.45,84.45,84.45,4.06,4.15,4.32,4.56,4.97,9.12,4.20,3.93,3.99,4.99
D,7,Calafiori,5.6,5.6,Arsenal,0.00,76.05,76.05,76.05,76.05,152.10,76.05,76.05,76.05,76.05,0.00,4.31,4.58,4.64,5.14,9.58,4.37,4.10,4.22,5.16
D,8,J.Timber,6.3,6.3,Arsenal,82.50,82.50,82.50,82.50,82.50,165.00,82.50,82.50,82.50,82.50,4.35,4.42,4.75,4.75,5.24,9.85,4.46,4.24,4.24,5.26
D,10,Lewis-Skelly,5.1,5.1,Arsenal,25.80,13.80,13.80,13.80,13.80,27.60,13.80,13.80,13.80,13.80,1.12,0.52,0.54,0.53,0.56,1.09,0.52,0.52,0.51,0.56
D,11,White,5.1,5.1,Arsenal,8.55,8.55,8.55,8.55,8.55,17.10,8.55,8.55,8.55,8.55,0.45,0.45,0.47,0.47,0.51,0.95,0.45,0.43,0.44,0.51
D,12,Zinchenko,4.9,4.9,Nott'm Forest,25.50,0.00,25.50,25.50,25.50,25.50,25.50,25.50,25.50,25.50,1.15,0.00,1.14,1.20,1.14,1.34,1.01,1.02,0.78,1.21
D,13,Clarke,3.8,3.8,Arsenal,0.00,0.00,0.00,0.00,0.00,0.00,0.00,0.00,0.00,0.00,0.00,0.00,0.00,0.00,0.00,0.00,0.00,0.00,0.00,0.00
D,15,Nichols,3.8,3.8,Arsenal,0.00,0.00,0.00,0.00,0.00,0.00,0.00,0.00,0.00,0.00,0.00,0.00,0.00,0.00,0.00,0.00,0.00,0.00,0.00,0.00
M,16,Saka,10.2,10.2,Arsenal,79.05,79.05,79.05,79.05,79.05,158.10,79.05,79.05,79.05,79.05,5.51,5.36,6.21,5.43,6.27,11.89,5.48,5.73,5.39,6.09
M,17,Ødegaard,7.8,7.8,Arsenal,73.80,73.80,73.80,73.80,73.80,147.60,73.80,73.80,73.80,73.80,3.90,3.91,4.30,3.86,4.35,8.34,3.96,4.00,3.95,4.29
M,18,Madueke,6.8,6.8,Arsenal,22.95,22.95,22.95,22.95,22.95,45.90,22.95,22.95,22.95,22.95,1.27,1.23,1.37,1.25,1.40,2.68,1.25,1.29,1.25,1.37
M,19,Martinelli,6.8,6.8,Arsenal,12.15,12.15,12.15,12.15,12.15,24.30,12.15,12.15,12.15,12.15,0.74,0.73,0.81,0.73,0.83,1.57,0.73,0.77,0.73,0.80
M,20,Trossard,7.0,7.0,Arsenal,40.50,40.50,40.50,40.50,40.50,81.00,40.50,40.50,40.50,40.50,2.23,2.21,2.47,2.24,2.54,4.78,2.21,2.32,2.23,2.47
M,21,Rice,7.2,7.2,Arsenal,79.50,79.50,79.50,79.50,79.50,159.00,79.50,79.50,79.50,79.50,4.54,4.63,4.90,4.39,4.81,9.40,4.63,4.68,4.66,4.99
M,22,Merino,5.7,5.7,Arsenal,27.60,27.60,27.60,27.60,27.60,55.20,27.60,27.60,27.60,27.60,1.51,1.50,1.67,1.50,1.67,3.20,1.53,1.58,1.55,1.66
M,24,Nørgaard,5.1,5.1,Arsenal,6.30,6.30,6.30,6.30,6.30,12.60,6.30,6.30,6.30,6.30,0.25,0.25,0.26,0.25,0.26,0.51,0.25,0.26,0.25,0.26
M,25,Nwaneri,5.0,5.0,Arsenal,10.05,10.05,10.05,10.05,10.05,20.10,10.05,10.05,10.05,10.05,0.52,0.51,0.56,0.51,0.56,1.08,0.52,0.53,0.52,0.55
M,26,Zubimendi,5.2,5.2,Arsenal,81.75,81.75,81.75,81.75,81.75,163.50,81.75,81.75,81.75,81.75,3.12,3.19,3.31,3.03,3.28,6.46,3.18,3.18,3.17,3.34
M,27,Nelson,4.8,4.8,Brentford,26.25,26.25,3.45,3.45,3.45,3.45,3.45,3.45,3.45,3.45,1.52,1.25,0.18,0.16,0.17,0.15,0.19,0.19,0.18,0.21
F,30,Havertz,7.3,7.3,Arsenal,17.85,17.85,17.85,17.85,17.85,35.70,17.85,17.85,17.85,17.85,1.02,1.02,1.14,1.03,1.19,2.24,1.04,1.10,1.05,1.14
F,31,G.Jesus,6.4,6.4,Arsenal,7.95,7.95,7.95,7.95,7.95,15.90,7.95,7.95,7.95,7.95,0.49,0.49,0.55,0.49,0.56,1.06,0.49,0.52,0.50,0.53
G,32,Martinez,5.0,5.0,Aston Villa,89.10,89.10,89.10,89.10,89.10,89.10,89.10,89.10,89.10,89.10,3.68,3.74,2.93,3.69,3.24,3.40,3.72,3.62,2.88,3.06
G,33,M.Bizot,4.2,4.2,Aston Villa,0.90,0.90,0.90,0.90,0.90,0.90,0.90,0.90,0.90,0.90,0.03,0.03,0.03,0.03,0.03,0.03,0.04,0.03,0.03,0.03
D,36,Cash,4.8,4.8,Aston Villa,84.00,84.00,84.00,84.00,84.00,84.00,84.00,84.00,84.00,84.00,3.61,4.14,3.01,4.10,3.38,3.74,4.33,4.06,3.09,3.09
D,37,Digne,4.5,4.5,Aston Villa,25.80,25.80,25.80,25.80,25.80,25.80,25.80,25.80,25.80,25.80,1.16,1.28,1.05,1.30,1.12,1.24,1.30,1.29,1.11,1.08
D,38,Konsa,4.4,4.4,Aston Villa,85.20,84.75,84.75,84.75,84.75,84.75,84.75,84.75,84.75,84.75,3.51,4.03,2.84,3.94,3.14,3.50,3.96,3.81,2.87,2.94
D,39,Maatsen,4.2,4.2,Aston Villa,76.80,76.80,76.80,76.80,76.80,76.80,76.80,76.80,76.80,76.80,3.78,4.18,3.15,4.12,3.45,3.78,4.23,4.16,3.24,3.25
D,40,Mings,4.3,4.3,Aston Villa,5.10,13.65,13.65,13.65,13.65,13.65,13.65,13.65,13.65,13.65,0.24,0.64,0.53,0.64,0.55,0.59,0.64,0.62,0.52,0.53
D,41,Pau,4.3,4.3,Aston Villa,5.40,76.65,76.65,76.65,76.65,76.65,76.65,76.65,76.65,76.65,0.25,3.76,2.76,3.73,3.08,3.24,3.76,3.59,2.75,2.83
D,42,A.García,3.9,3.9,Aston Villa,0.00,0.00,0.00,0.00,0.00,0.00,0.00,0.00,0.00,0.00,0.00,0.00,0.00,0.00,0.00,0.00,0.00,0.00,0.00,0.00
D,44,Bogarde,4.0,4.0,Aston Villa,51.60,45.45,9.30,9.30,9.30,9.30,9.30,9.30,9.30,9.30,2.21,2.19,0.32,0.35,0.33,0.34,0.34,0.35,0.32,0.32
D,45,Sousa,3.9,3.9,Aston Villa,0.30,0.30,0.30,0.30,0.30,0.30,0.30,0.30,0.30,0.30,0.01,0.01,0.01,0.01,0.01,0.01,0.01,0.01,0.01,0.01
M,47,Rogers,7.6,7.6,Aston Villa,85.35,85.35,85.35,85.35,85.35,85.35,85.35,85.35,85.35,85.35,4.06,4.39,3.73,4.41,4.04,4.46,4.45,4.58,4.04,3.91
M,48,Tielemans,5.9,5.9,Aston Villa,84.00,84.00,84.00,84.00,84.00,84.00,84.00,84.00,84.00,84.00,3.89,4.25,3.78,4.17,4.06,4.21,4.17,4.23,3.94,3.99
M,50,Buendía,5.3,5.3,Aston Villa,64.80,64.80,31.80,31.80,31.80,31.80,31.80,31.80,31.80,43.50,3.69,3.97,1.69,1.96,1.83,1.97,1.94,2.00,1.82,2.41
M,52,J.Ramsey,5.3,5.3,Newcastle,29.40,29.40,29.40,29.40,29.40,29.40,29.40,29.40,29.40,29.40,1.34,1.35,1.30,1.13,1.38,1.25,1.13,1.38,1.33,1.18
M,53,Malen,5.1,5.1,Aston Villa,44.70,44.70,33.90,33.90,33.90,33.90,33.90,33.90,33.90,39.60,2.66,2.87,1.91,2.28,2.03,2.22,2.21,2.29,2.05,2.30
M,54,McGinn,5.4,5.4,Aston Villa,75.45,75.45,75.45,75.45,75.45,75.45,75.45,75.45,75.45,75.45,3.43,3.71,3.25,3.74,3.49,3.70,3.65,3.77,3.42,3.32
M,55,Barkley,4.8,4.8,Aston Villa,0.00,0.00,0.00,0.00,0.00,0.00,0.00,0.00,0.00,0.00,0.00,0.00,0.00,0.00,0.00,0.00,0.00,0.00,0.00,0.00
M,58,Kamara,4.9,4.9,Aston Villa,84.15,75.75,75.75,75.75,75.75,75.75,75.75,75.75,75.75,75.75,2.94,2.88,2.62,2.73,2.70,2.76,2.69,2.76,2.65,2.63
M,59,Onana,4.8,4.8,Aston Villa,0.00,0.00,56.85,56.85,56.85,56.85,56.85,56.85,56.85,56.85,0.00,0.00,2.36,2.51,2.48,2.49,2.42,2.48,2.46,2.45
M,60,Broggio,4.4,4.4,Aston Villa,0.30,0.30,0.30,0.30,0.30,0.30,0.30,0.30,0.30,0.30,0.01,0.02,0.01,0.02,0.01,0.02,0.02,0.02,0.01,0.01
M,62,Jimoh-Aloba,4.5,4.5,Aston Villa,0.00,0.00,0.00,0.00,0.00,0.00,0.00,0.00,0.00,0.00,0.00,0.00,0.00,0.00,0.00,0.00,0.00,0.00,0.00,0.00
M,63,Young,4.3,4.3,Aston Villa,0.30,0.30,0.30,0.30,0.30,0.30,0.30,0.30,0.30,0.30,0.01,0.02,0.01,0.02,0.01,0.02,0.02,0.02,0.01,0.01
F,64,Watkins,8.7,8.7,Aston Villa,72.75,72.75,72.75,72.75,72.75,72.75,72.75,72.75,72.75,72.75,3.88,4.29,3.82,4.32,4.07,4.34,4.26,4.54,4.06,3.91
G,67,Petrović,4.5,4.5,Bournemouth,89.10,89.10,89.10,89.10,89.10,89.10,89.10,89.10,89.10,89.10,3.21,2.76,2.74,3.39,3.05,3.40,3.23,3.75,3.46,3.65
G,68,Dennis,4.0,4.0,Bournemouth,0.00,0.00,0.00,0.00,0.00,0.00,0.00,0.00,0.00,0.00,0.00,0.00,0.00,0.00,0.00,0.00,0.00,0.00,0.00,0.00
G,69,McKenna,3.9,3.9,Bournemouth,0.00,0.00,0.00,0.00,0.00,0.00,0.00,0.00,0.00,0.00,0.00,0.00,0.00,0.00,0.00,0.00,0.00,0.00,0.00,0.00
D,72,Senesi,4.8,4.8,Bournemouth,86.70,86.70,86.70,86.70,86.70,86.70,85.95,85.95,85.95,85.95,4.58,3.58,3.85,4.68,4.14,4.66,4.48,4.97,4.96,5.06
D,73,Smith,4.4,4.4,Bournemouth,25.05,45.60,45.60,45.60,45.60,45.60,45.60,25.05,25.05,25.05,0.93,1.29,1.37,1.76,1.56,1.67,1.64,1.01,0.95,0.99
D,74,Truffert,4.5,4.5,Bournemouth,85.20,85.20,85.20,85.20,85.20,85.20,85.20,85.20,85.20,85.20,3.53,2.66,2.89,3.66,3.12,3.59,3.44,3.86,3.79,4.00
D,75,Akinmboni,3.8,3.8,Bournemouth,0.00,0.00,0.00,0.00,0.00,0.00,0.00,0.00,0.00,0.00,0.00,0.00,0.00,0.00,0.00,0.00,0.00,0.00,0.00,0.00
D,76,Bevan,3.8,3.8,Bournemouth,0.00,0.00,0.00,0.00,0.00,0.00,0.00,0.00,0.00,0.00,0.00,0.00,0.00,0.00,0.00,0.00,0.00,0.00,0.00,0.00
D,77,Hill,3.9,3.9,Bournemouth,78.90,78.90,78.90,78.90,78.90,78.90,45.15,45.15,45.15,45.15,3.78,3.00,3.24,3.87,3.40,3.86,2.22,2.44,2.43,2.56
D,80,Soler,4.0,4.0,Bournemouth,2.85,2.85,2.85,2.85,2.85,2.85,2.85,2.85,2.85,2.85,0.13,0.12,0.12,0.13,0.12,0.13,0.13,0.13,0.13,0.14
M,81,Kluivert,7.0,7.0,Bournemouth,0.00,0.00,0.00,0.00,0.00,0.00,0.00,65.40,65.40,65.40,0.00,0.00,0.00,0.00,0.00,0.00,0.00,3.94,3.77,3.96
M,82,Semenyo,7.6,7.6,Bournemouth,84.75,31.20,31.20,31.20,31.20,31.20,31.20,31.20,31.20,31.20,4.88,1.59,1.59,1.90,1.74,1.67,1.80,1.83,1.77,1.85
M,83,O.Dango,5.8,5.8,Brentford,0.00,0.00,77.85,77.85,77.85,77.85,77.85,77.85,77.85,77.85,0.00,0.00,4.25,3.73,3.71,3.25,4.29,4.49,4.01,4.90
M,84,Tavernier,5.6,5.6,Bournemouth,82.20,82.20,82.20,82.20,82.20,82.20,82.20,82.20,82.20,82.20,4.21,4.01,4.01,4.62,4.37,4.13,4.40,4.45,4.37,4.48
M,85,Adams,5.0,5.0,Bournemouth,0.00,0.00,0.00,0.00,0.00,0.00,0.00,83.40,83.40,83.40,0.00,0.00,0.00,0.00,0.00,0.00,0.00,3.08,3.16,3.21
M,86,Brooks,5.0,5.0,Bournemouth,73.95,79.05,79.05,79.05,79.05,79.05,79.05,64.80,64.80,64.80,3.66,3.37,3.38,4.01,3.69,3.52,3.78,3.44,3.38,3.49
M,87,Christie,4.9,4.9,Bournemouth,32.70,32.70,32.70,32.70,32.70,32.70,32.70,18.90,18.90,18.90,1.46,1.40,1.34,1.46,1.45,1.44,1.42,0.81,0.82,0.83
M,88,Cook,4.9,4.9,Bournemouth,66.60,70.50,70.50,70.50,70.50,70.50,70.50,21.60,21.60,21.60,2.97,2.94,2.80,3.06,3.06,3.07,2.89,0.89,0.89,0.91
M,90,Scott,5.0,5.0,Bournemouth,74.70,74.70,74.70,74.70,74.70,74.70,74.70,69.30,69.30,69.30,3.45,3.21,3.10,3.39,3.45,3.40,3.28,3.21,3.18,3.27
F,97,Evanilson,7.0,7.0,Bournemouth,77.10,77.10,77.10,77.10,77.10,77.10,77.10,77.10,77.10,77.10,3.82,3.60,3.51,4.09,3.72,3.56,3.93,4.07,4.06,4.13
F,98,Enes Ünal,5.4,5.4,Bournemouth,9.00,9.00,9.00,9.00,9.00,9.00,9.00,9.00,9.00,9.00,0.52,0.47,0.48,0.54,0.50,0.48,0.52,0.54,0.53,0.56
F,100,Kroupi.Jr,4.6,4.6,Bournemouth,46.05,59.10,59.10,59.10,59.10,59.10,59.10,26.55,26.55,26.55,2.24,2.74,2.69,3.14,2.88,2.74,2.99,1.50,1.47,1.52
G,101,Kelleher,4.5,4.5,Brentford,89.10,89.10,89.10,89.10,89.10,89.10,89.10,89.10,89.10,89.10,3.92,2.45,3.40,2.80,2.86,2.42,3.27,3.74,3.15,3.80
G,102,Balcombe,3.9,3.9,Brentford,0.00,0.00,0.00,0.00,0.00,0.00,0.00,0.00,0.00,0.00,0.00,0.00,0.00,0.00,0.00,0.00,0.00,0.00,0.00,0.00
G,103,Cox,3.9,3.9,Brentford,0.00,0.00,0.00,0.00,0.00,0.00,0.00,0.00,0.00,0.00,0.00,0.00,0.00,0.00,0.00,0.00,0.00,0.00,0.00,0.00
G,104,Eyestone,3.9,3.9,Brentford,0.00,0.00,0.00,0.00,0.00,0.00,0.00,0.00,0.00,0.00,0.00,0.00,0.00,0.00,0.00,0.00,0.00,0.00,0.00,0.00
G,105,Valdimarsson,3.9,3.9,Brentford,0.90,0.90,0.90,0.90,0.90,0.90,0.90,0.90,0.90,0.90,0.04,0.03,0.03,0.03,0.03,0.03,0.03,0.04,0.03,0.04
D,106,Collins,4.9,4.9,Brentford,88.95,88.95,88.95,88.95,88.95,88.95,88.95,88.95,88.95,88.95,4.93,3.20,4.25,3.72,3.84,3.35,4.16,5.04,4.13,4.96
D,107,Lewis-Potter,4.9,4.9,Brentford,58.65,58.65,21.60,21.60,21.60,21.60,21.60,21.60,21.60,21.60,3.56,2.16,0.97,0.83,0.81,0.74,0.96,1.03,0.87,1.12
D,108,Ajer,4.4,4.4,Brentford,78.90,78.90,78.90,78.90,78.90,78.90,78.90,78.90,78.90,78.90,4.30,2.86,3.80,3.26,3.38,2.96,3.65,4.46,3.64,4.42
D,109,Henry,4.3,4.3,Brentford,45.45,45.45,45.45,45.45,45.45,45.45,45.45,45.45,45.45,45.45,2.19,1.36,1.91,1.57,1.56,1.40,1.84,2.13,1.67,2.24
D,110,Kayode,4.5,4.5,Brentford,82.65,82.65,82.65,82.65,82.65,82.65,82.65,82.65,82.65,82.65,3.85,2.22,3.33,2.65,2.68,2.32,3.19,3.88,2.91,4.07
D,111,Pinnock,4.2,4.2,Brentford,16.65,16.65,10.20,10.20,10.20,10.20,10.20,10.20,10.20,10.20,0.86,0.66,0.45,0.42,0.44,0.41,0.45,0.51,0.46,0.50
D,113,Van den Berg,4.5,4.5,Brentford,47.55,47.55,47.55,47.55,47.55,47.55,47.55,47.55,47.55,47.55,2.45,1.63,2.15,1.86,1.94,1.70,2.10,2.57,2.08,2.50
D,114,Arthur,3.9,3.9,Brentford,0.00,0.00,0.00,0.00,0.00,0.00,0.00,0.00,0.00,0.00,0.00,0.00,0.00,0.00,0.00,0.00,0.00,0.00,0.00,0.00
D,116,Hickey,4.0,4.0,Brentford,28.20,28.20,28.20,28.20,28.20,28.20,28.20,28.20,28.20,28.20,1.39,0.85,1.18,0.97,0.96,0.88,1.16,1.33,1.04,1.38
M,119,Mbeumo,8.1,8.1,Man Utd,0.00,0.00,85.35,85.35,85.35,85.35,85.35,85.35,85.35,85.35,0.00,0.00,3.34,5.06,4.89,4.91,4.41,4.97,4.19,4.69
M,120,Schade,7.1,7.1,Brentford,82.95,82.95,83.55,83.55,83.55,83.55,83.55,83.55,83.55,83.55,4.87,3.82,4.21,3.64,3.70,3.18,4.24,4.45,4.02,5.05
M,121,Damsgaard,5.8,5.8,Brentford,65.55,65.55,46.95,46.95,46.95,46.95,46.95,46.95,46.95,46.95,3.49,2.95,2.35,2.16,2.11,1.87,2.34,2.42,2.25,2.57
M,122,Milambo,5.2,5.2,Brentford,0.00,0.00,0.00,0.00,0.00,0.00,0.00,0.00,0.00,0.00,0.00,0.00,0.00,0.00,0.00,0.00,0.00,0.00,0.00,0.00
M,123,Carvalho,4.7,4.7,Brentford,0.00,0.00,0.00,0.00,0.00,0.00,0.00,0.00,0.00,0.00,0.00,0.00,0.00,0.00,0.00,0.00,0.00,0.00,0.00,0.00
M,124,Henderson,5.0,5.0,Brentford,54.90,54.90,54.90,54.90,54.90,54.90,54.90,54.90,54.90,54.90,2.07,1.85,1.99,1.90,1.86,1.71,1.99,2.03,1.93,2.16
M,125,Janelt,4.9,4.9,Brentford,60.30,60.30,60.30,60.30,60.30,60.30,60.30,60.30,60.30,60.30,2.74,2.63,2.79,2.70,2.67,2.35,2.79,2.77,2.72,2.83
M,126,Jensen,4.9,4.9,Brentford,48.15,48.15,48.15,48.15,48.15,48.15,48.15,48.15,48.15,48.15,2.24,1.89,2.07,1.91,1.90,1.72,2.08,2.13,1.98,2.28
M,127,Nunes,4.9,4.9,Brentford,0.00,0.00,0.00,0.00,0.00,0.00,0.00,0.00,0.00,0.00,0.00,0.00,0.00,0.00,0.00,0.00,0.00,0.00,0.00,0.00
M,128,Onyeka,4.8,4.8,Brentford,0.00,0.00,10.05,10.05,10.05,10.05,10.05,10.05,10.05,10.05,0.00,0.00,0.40,0.38,0.37,0.36,0.40,0.41,0.39,0.43
M,129,Yarmoliuk,5.0,5.0,Brentford,74.85,74.85,74.85,74.85,74.85,74.85,74.85,74.85,74.85,74.85,2.94,2.81,3.04,2.89,2.83,2.48,2.98,2.96,2.94,3.03
M,130,Donovan,4.4,4.4,Brentford,0.00,0.00,0.00,0.00,0.00,0.00,0.00,0.00,0.00,0.00,0.00,0.00,0.00,0.00,0.00,0.00,0.00,0.00,0.00,0.00
M,131,Konak,4.3,4.3,Brentford,0.00,0.00,0.00,0.00,0.00,0.00,0.00,0.00,0.00,0.00,0.00,0.00,0.00,0.00,0.00,0.00,0.00,0.00,0.00,0.00
M,132,Maghoma,4.5,4.5,Brentford,0.00,0.00,0.00,0.00,0.00,0.00,0.00,0.00,0.00,0.00,0.00,0.00,0.00,0.00,0.00,0.00,0.00,0.00,0.00,0.00
M,133,Peart-Harris,4.4,4.4,Brentford,0.00,0.00,0.00,0.00,0.00,0.00,0.00,0.00,0.00,0.00,0.00,0.00,0.00,0.00,0.00,0.00,0.00,0.00,0.00,0.00
F,135,Wissa,7.3,7.3,Newcastle,34.35,56.85,56.85,56.85,56.85,56.85,56.85,56.85,56.85,56.85,2.07,3.39,3.19,2.65,3.33,2.95,2.56,3.20,3.36,2.81
F,136,Thiago,7.0,7.0,Brentford,82.65,82.65,82.65,82.65,82.65,82.65,82.65,82.65,82.65,82.65,4.62,3.70,4.09,3.66,3.61,3.24,4.23,4.46,4.02,4.89
G,138,Steele,4.2,4.2,Brighton,0.90,0.90,0.90,0.90,0.90,0.90,0.90,0.90,0.90,0.90,0.02,0.04,0.03,0.04,0.04,0.03,0.04,0.04,0.03,0.04
G,139,Verbruggen,4.5,4.5,Brighton,89.10,89.10,89.10,89.10,89.10,89.10,89.10,89.10,89.10,89.10,2.07,3.39,3.26,3.65,3.52,2.74,3.24,3.28,2.35,3.48
G,140,McGill,3.9,3.9,Brighton,0.00,0.00,0.00,0.00,0.00,0.00,0.00,0.00,0.00,0.00,0.00,0.00,0.00,0.00,0.00,0.00,0.00,0.00,0.00,0.00
D,143,Boscagli,4.2,4.2,Brighton,5.40,5.40,5.40,5.40,5.40,5.40,5.40,5.40,5.40,5.40,0.17,0.22,0.21,0.23,0.22,0.19,0.21,0.21,0.18,0.22
D,144,Coppola,4.2,4.2,Brighton,3.30,3.30,3.30,3.30,3.30,3.30,3.30,3.30,3.30,3.30,0.10,0.13,0.12,0.13,0.13,0.11,0.12,0.12,0.11,0.12
D,145,De Cuyper,4.3,4.3,Brighton,25.50,25.50,25.50,25.50,25.50,25.50,25.50,25.50,25.50,25.50,0.87,1.30,1.13,1.31,1.28,1.05,1.15,1.24,0.92,1.20
D,146,Dunk,4.5,4.5,Brighton,85.20,85.20,85.20,85.20,85.20,85.20,85.20,85.20,85.20,85.20,1.79,3.50,3.17,3.86,3.69,2.68,3.36,3.37,2.32,3.48
D,148,F.Kadıoğlu,4.4,4.4,Brighton,81.90,81.90,81.90,81.90,81.90,81.90,81.90,81.90,81.90,81.90,1.77,3.46,3.01,3.79,3.60,2.58,3.13,3.38,2.20,3.41
D,149,Igor,4.5,4.5,West Ham,11.10,11.10,11.10,11.10,11.10,11.10,11.10,11.10,11.10,11.10,0.42,0.39,0.44,0.35,0.45,0.41,0.42,0.37,0.40,0.35
D,151,Van Hecke,4.5,4.5,Brighton,86.70,86.70,86.70,86.70,86.70,86.70,86.70,86.70,86.70,86.70,2.10,3.85,3.42,4.30,4.04,3.02,3.73,3.65,2.71,3.82
D,152,Veltman,4.3,4.3,Brighton,84.60,24.45,24.45,24.45,24.45,24.45,24.45,24.45,24.45,24.45,2.34,1.15,1.02,1.19,1.16,0.96,1.11,1.07,0.88,1.10
D,153,Webster,4.4,4.4,Brighton,0.00,0.00,0.00,0.00,0.00,0.00,0.00,0.00,0.00,0.00,0.00,0.00,0.00,0.00,0.00,0.00,0.00,0.00,0.00,0.00
D,156,Tasker,3.8,3.8,Brighton,0.30,0.30,0.30,0.30,0.30,0.30,0.30,0.30,0.30,0.30,0.01,0.01,0.01,0.01,0.01,0.01,0.01,0.01,0.01,0.01
M,157,Mitoma,6.1,6.1,Brighton,78.75,56.40,56.40,56.40,56.40,56.40,56.40,56.40,56.40,56.40,3.07,3.04,2.57,2.87,2.82,2.44,2.56,2.77,2.19,2.65
M,158,Georginio,5.6,5.6,Brighton,73.05,73.05,73.05,73.05,73.05,73.05,73.05,73.05,73.05,73.05,3.10,4.21,3.60,3.93,3.92,3.36,3.61,3.82,3.03,3.66
M,159,March,5.8,5.8,Brighton,6.15,6.15,6.15,6.15,6.15,6.15,6.15,6.15,6.15,6.15,0.27,0.32,0.28,0.30,0.30,0.28,0.29,0.30,0.25,0.29
M,160,Minteh,5.9,5.9,Brighton,25.20,74.10,74.10,74.10,74.10,74.10,74.10,74.10,74.10,74.10,1.02,4.04,3.38,3.76,3.75,3.26,3.36,3.67,2.81,3.46
M,162,Gruda,5.4,5.4,Brighton,36.90,36.90,36.90,36.90,36.90,36.90,36.90,36.90,36.90,36.90,1.60,2.10,1.76,1.95,1.92,1.70,1.77,1.91,1.53,1.82
M,163,Hinshelwood,5.1,5.1,Brighton,46.50,40.65,25.50,25.50,25.50,25.50,25.50,25.50,25.50,25.50,1.55,1.63,0.96,1.02,1.01,0.95,0.98,1.02,0.90,0.98
M,166,Ayari,4.8,4.8,Brighton,76.35,76.35,71.10,71.10,71.10,71.10,71.10,71.10,71.10,71.10,3.09,3.80,3.00,3.37,3.26,3.13,3.12,3.29,2.67,3.13
M,167,Baleba,4.6,4.6,Brighton,0.00,0.00,36.15,36.15,36.15,36.15,36.15,36.15,36.15,36.15,0.00,0.00,1.31,1.43,1.39,1.35,1.33,1.40,1.20,1.33
M,168,Buonanotte,4.6,4.6,Chelsea,0.00,0.00,0.00,0.00,0.00,0.00,0.00,0.00,0.00,0.00,0.00,0.00,0.00,0.00,0.00,0.00,0.00,0.00,0.00,0.00
M,169,Gomez,4.9,4.9,Brighton,68.40,52.35,35.25,35.25,35.25,35.25,35.25,35.25,35.25,35.25,2.80,2.74,1.61,1.75,1.78,1.61,1.65,1.76,1.43,1.67
M,170,Milner,4.9,4.9,Brighton,13.05,9.60,6.45,6.45,6.45,6.45,6.45,6.45,6.45,6.45,0.49,0.43,0.26,0.27,0.28,0.26,0.26,0.27,0.24,0.26
M,172,Watson,4.8,4.8,Brighton,2.70,2.70,2.70,2.70,2.70,2.70,2.70,2.70,2.70,2.70,0.12,0.15,0.14,0.14,0.14,0.13,0.13,0.14,0.12,0.14
M,173,Wieffer,4.9,4.9,Brighton,0.00,70.20,70.20,70.20,70.20,70.20,70.20,70.20,70.20,70.20,0.00,3.51,3.10,3.48,3.35,3.25,3.19,3.41,2.78,3.21
M,175,Knight,4.4,4.4,Brighton,0.00,0.00,0.00,0.00,0.00,0.00,0.00,0.00,0.00,0.00,0.00,0.00,0.00,0.00,0.00,0.00,0.00,0.00,0.00,0.00
F,178,Welbeck,6.3,6.3,Brighton,49.65,49.65,49.65,49.65,49.65,49.65,49.65,49.65,49.65,49.65,2.36,3.11,2.62,2.90,2.89,2.49,2.64,2.78,2.22,2.67
F,180,Tzimas,5.2,5.2,Brighton,0.00,0.00,0.00,0.00,0.00,0.00,0.00,0.00,0.00,0.00,0.00,0.00,0.00,0.00,0.00,0.00,0.00,0.00,0.00,0.00
F,181,Kostoulas,4.8,4.8,Brighton,18.00,18.00,18.00,18.00,18.00,18.00,18.00,18.00,18.00,18.00,0.89,1.11,0.93,1.01,1.03,0.91,0.96,1.00,0.82,0.96
G,182,Trafford,4.5,4.5,Man City,0.90,0.90,0.90,0.90,0.90,0.90,0.90,0.90,0.90,0.90,0.03,0.03,0.04,0.03,0.03,0.04,0.03,0.04,0.04,0.04
G,183,Weiss,4.3,4.3,Burnley,0.90,0.90,0.90,0.90,0.90,0.90,0.90,0.90,0.90,0.90,0.03,0.02,0.03,0.03,0.03,0.03,0.02,0.03,0.03,0.03
G,185,Hladký,3.9,3.9,Burnley,0.00,0.00,0.00,0.00,0.00,0.00,0.00,0.00,0.00,0.00,0.00,0.00,0.00,0.00,0.00,0.00,0.00,0.00,0.00,0.00
D,186,Roberts,4.4,4.4,Burnley,0.00,0.00,0.00,0.00,0.00,0.00,0.00,0.00,0.00,0.00,0.00,0.00,0.00,0.00,0.00,0.00,0.00,0.00,0.00,0.00
D,187,Walker,4.4,4.4,Burnley,84.90,84.90,84.90,84.90,84.90,84.90,84.90,84.90,84.90,84.90,2.35,1.69,2.61,2.64,2.95,2.51,1.58,2.86,2.71,2.54
D,188,Delcroix,3.8,3.8,Burnley,0.00,0.00,0.00,0.00,0.00,0.00,0.00,0.00,0.00,0.00,0.00,0.00,0.00,0.00,0.00,0.00,0.00,0.00,0.00,0.00
D,190,Ekdal,3.9,3.9,Burnley,85.80,85.80,10.20,10.20,10.20,10.20,10.20,10.20,10.20,10.20,3.15,2.52,0.39,0.40,0.41,0.40,0.33,0.41,0.41,0.40
D,191,Estève,3.9,3.9,Burnley,67.50,87.45,87.45,87.45,87.45,87.45,87.45,87.45,87.45,87.45,2.49,2.53,3.29,3.42,3.60,3.37,2.29,3.71,3.56,3.37
D,192,Hartman,4.0,4.0,Burnley,11.70,11.70,11.70,11.70,11.70,11.70,11.70,11.70,11.70,11.70,0.43,0.38,0.45,0.44,0.49,0.44,0.37,0.48,0.45,0.46
D,193,Humphreys,3.9,3.9,Burnley,45.60,5.85,5.85,5.85,5.85,5.85,5.85,5.85,5.85,5.85,1.65,0.21,0.23,0.24,0.24,0.24,0.19,0.25,0.25,0.24
D,194,Jordan,3.9,3.9,Burnley,0.00,0.00,0.00,0.00,0.00,0.00,0.00,0.00,0.00,0.00,0.00,0.00,0.00,0.00,0.00,0.00,0.00,0.00,0.00,0.00
D,195,Lucas Pires,3.8,3.8,Burnley,81.90,81.90,81.90,81.90,81.90,81.90,81.90,81.90,81.90,81.90,2.26,1.51,2.57,2.58,2.97,2.38,1.46,2.78,2.56,2.46
D,197,Sonne,3.8,3.8,Burnley,10.35,10.35,10.35,10.35,10.35,10.35,10.35,10.35,10.35,10.35,0.35,0.31,0.36,0.36,0.38,0.35,0.31,0.37,0.35,0.36
D,198,Tuanzebe,3.9,3.9,Burnley,0.00,0.00,84.45,84.45,84.45,84.45,84.45,84.45,84.45,84.45,0.00,0.00,2.77,2.88,3.08,2.86,1.88,3.16,3.04,2.84
D,199,Worrall,3.8,3.8,Burnley,0.00,9.45,4.20,4.20,4.20,4.20,4.20,4.20,4.20,4.20,0.00,0.33,0.15,0.15,0.15,0.15,0.14,0.15,0.15,0.15
M,200,Anthony,5.1,5.1,Burnley,68.10,52.35,52.35,52.35,52.35,52.35,52.35,52.35,52.35,52.35,3.26,2.13,2.63,2.42,2.86,2.40,2.24,2.62,2.42,2.71
M,202,Bruun Larsen,5.3,5.3,Burnley,63.90,51.30,51.30,51.30,51.30,51.30,51.30,51.30,51.30,51.30,2.81,1.89,2.25,2.15,2.46,2.08,1.92,2.28,2.10,2.30
M,203,Boateng,4.7,4.7,Burnley,0.00,0.00,0.00,0.00,0.00,0.00,0.00,0.00,0.00,0.00,0.00,0.00,0.00,0.00,0.00,0.00,0.00,0.00,0.00,0.00
M,205,Cullen,5.0,5.0,Burnley,0.00,0.00,0.00,0.00,0.00,0.00,0.00,0.00,0.00,0.00,0.00,0.00,0.00,0.00,0.00,0.00,0.00,0.00,0.00,0.00
M,206,Edwards,4.7,4.7,Burnley,46.50,1.50,1.50,1.50,1.50,1.50,1.50,1.50,1.50,1.50,2.16,0.07,0.08,0.07,0.08,0.07,0.07,0.08,0.07,0.08
M,207,Hannibal,4.7,4.7,Burnley,0.00,18.00,18.00,18.00,18.00,18.00,18.00,18.00,18.00,18.00,0.00,0.61,0.68,0.65,0.71,0.64,0.61,0.68,0.63,0.68
M,209,Laurent,4.8,4.8,Burnley,81.90,78.60,78.60,78.60,78.60,78.60,78.60,78.60,78.60,78.60,2.77,2.42,2.79,2.59,2.70,2.59,2.58,2.73,2.75,2.75
M,210,Tchaouna,4.9,4.9,Burnley,64.20,41.10,41.10,41.10,41.10,41.10,41.10,41.10,41.10,41.10,2.68,1.48,1.73,1.63,1.87,1.60,1.50,1.75,1.63,1.78
M,213,Banel,4.5,4.5,Burnley,0.90,0.90,0.90,0.90,0.90,0.90,0.90,0.90,0.90,0.90,0.04,0.04,0.04,0.04,0.05,0.04,0.04,0.05,0.04,0.05
M,214,Trésor,4.4,4.4,Burnley,5.40,5.40,5.40,5.40,5.40,5.40,5.40,5.40,5.40,5.40,0.22,0.21,0.22,0.22,0.24,0.21,0.21,0.23,0.21,0.23
F,215,Flemming,5.3,5.3,Burnley,0.00,53.10,53.10,53.10,53.10,53.10,53.10,53.10,53.10,53.10,0.00,2.07,2.45,2.28,2.70,2.18,2.15,2.44,2.24,2.54
F,216,Amdouni,4.8,4.8,Burnley,0.00,0.00,0.00,0.00,0.00,0.00,0.00,0.00,0.00,0.00,0.00,0.00,0.00,0.00,0.00,0.00,0.00,0.00,0.00,0.00
F,217,Foster,4.9,4.9,Burnley,0.00,63.75,63.75,63.75,63.75,63.75,63.75,63.75,63.75,63.75,0.00,2.33,2.73,2.60,2.96,2.49,2.36,2.77,2.48,2.93
F,218,Barnes,4.2,4.2,Burnley,0.90,0.90,0.90,0.90,0.90,0.90,0.90,0.90,0.90,0.90,0.04,0.04,0.04,0.04,0.05,0.04,0.04,0.04,0.04,0.05
G,220,Sánchez,4.9,4.9,Chelsea,76.50,89.10,89.10,89.10,89.10,89.10,89.10,89.10,89.10,89.10,2.75,3.36,3.36,3.57,3.47,3.51,3.86,2.17,2.79,3.06
G,221,Jörgensen,4.3,4.3,Chelsea,13.50,0.90,0.90,0.90,0.90,0.90,0.90,0.90,0.90,0.90,0.46,0.03,0.03,0.04,0.03,0.04,0.04,0.02,0.03,0.03
G,223,Slonina,3.9,3.9,Chelsea,0.00,0.00,0.00,0.00,0.00,0.00,0.00,0.00,0.00,0.00,0.00,0.00,0.00,0.00,0.00,0.00,0.00,0.00,0.00,0.00
D,224,Cucurella,6.1,6.1,Chelsea,63.00,83.40,83.40,83.40,83.40,83.40,83.40,83.40,83.40,83.40,2.75,4.22,3.81,4.40,4.21,4.35,4.93,2.28,3.19,3.66
D,225,James,5.7,5.7,Chelsea,67.65,56.40,56.40,56.40,56.40,56.40,56.40,56.40,56.40,56.40,3.01,2.91,2.60,3.08,2.90,2.99,3.41,1.61,2.22,2.54
D,226,Chalobah,5.5,5.5,Chelsea,82.95,82.95,82.95,82.95,82.95,82.95,82.95,82.95,82.95,82.95,4.04,4.66,4.34,4.64,4.56,4.75,5.38,2.88,3.68,4.07
D,227,Colwill,4.8,4.8,Chelsea,0.00,0.00,0.00,0.00,0.00,0.00,0.00,0.00,0.00,0.00,0.00,0.00,0.00,0.00,0.00,0.00,0.00,0.00,0.00,0.00
D,228,Gusto,5.0,5.0,Chelsea,63.90,49.95,49.95,49.95,49.95,49.95,49.95,49.95,49.95,49.95,2.74,2.46,2.19,2.60,2.45,2.51,2.87,1.39,1.90,2.15
D,229,B.Badiashile,4.4,4.4,Chelsea,7.05,7.05,7.05,7.05,7.05,7.05,7.05,7.05,7.05,7.05,0.30,0.32,0.31,0.33,0.32,0.33,0.35,0.26,0.28,0.30
D,230,Fofana,4.4,4.4,Chelsea,63.60,63.60,63.60,63.60,63.60,63.60,63.60,63.60,63.60,63.60,3.07,3.52,3.29,3.38,3.40,3.51,3.85,2.26,2.78,3.08
D,232,Tosin,4.1,4.1,Chelsea,20.70,20.70,20.70,20.70,20.70,20.70,20.70,20.70,20.70,20.70,0.91,1.00,0.96,1.00,0.98,1.01,1.09,0.75,0.85,0.91
D,233,Acheampong,3.8,3.8,Chelsea,7.05,7.05,7.05,7.05,7.05,7.05,7.05,7.05,7.05,7.05,0.29,0.32,0.30,0.33,0.32,0.32,0.35,0.24,0.27,0.29
M,235,Palmer,10.4,10.4,Chelsea,75.60,75.60,75.60,75.60,75.60,75.60,75.60,75.60,75.60,75.60,4.90,5.68,4.93,6.21,5.74,5.58,6.56,3.61,4.70,5.24
M,236,Neto,7.2,7.2,Chelsea,77.10,77.10,77.10,77.10,77.10,77.10,77.10,77.10,77.10,77.10,3.61,4.12,3.68,4.48,4.21,4.06,4.82,2.81,3.54,3.89
M,237,Enzo,6.4,6.4,Chelsea,84.90,84.90,84.90,84.90,84.90,84.90,84.90,84.90,84.90,84.90,3.77,4.25,3.81,4.55,4.38,4.22,4.81,2.94,3.78,4.11
M,238,Estêvão,6.4,6.4,Chelsea,47.70,47.70,47.70,47.70,47.70,47.70,47.70,47.70,47.70,47.70,2.31,2.64,2.32,2.87,2.69,2.58,3.06,1.79,2.25,2.47
M,239,Gittens,6.0,6.0,Chelsea,14.55,14.55,14.55,14.55,14.55,14.55,14.55,14.55,14.55,14.55,0.71,0.77,0.70,0.84,0.80,0.77,0.88,0.58,0.69,0.74
M,241,Caicedo,5.7,5.7,Chelsea,84.90,84.90,84.90,84.90,84.90,84.90,84.90,84.90,84.90,84.90,3.43,3.69,3.62,3.64,3.72,3.58,3.87,3.15,3.68,3.74
M,242,Dewsbury-Hall,5.0,5.0,Everton,0.00,83.25,82.35,82.35,82.35,82.35,82.35,82.35,82.35,82.35,0.00,3.44,3.83,3.44,3.41,3.97,3.81,3.34,4.36,2.72
M,243,George,4.8,4.8,Chelsea,0.00,0.00,0.00,0.00,0.00,0.00,0.00,0.00,0.00,0.00,0.00,0.00,0.00,0.00,0.00,0.00,0.00,0.00,0.00,0.00
M,244,Lavia,4.9,4.9,Chelsea,7.20,7.20,7.20,7.20,7.20,7.20,7.20,7.20,7.20,7.20,0.25,0.26,0.25,0.27,0.26,0.26,0.27,0.23,0.25,0.26
M,245,Mudryk,4.9,4.9,Chelsea,0.00,0.00,0.00,0.00,0.00,0.00,0.00,0.00,0.00,0.00,0.00,0.00,0.00,0.00,0.00,0.00,0.00,0.00,0.00,0.00
M,246,Andrey Santos,4.5,4.5,Chelsea,18.75,18.75,18.75,18.75,18.75,18.75,18.75,18.75,18.75,18.75,0.72,0.79,0.74,0.82,0.78,0.78,0.85,0.64,0.74,0.77
M,247,D.Essugo,4.3,4.3,Chelsea,0.00,0.00,0.00,0.00,0.00,0.00,0.00,0.00,0.00,0.00,0.00,0.00,0.00,0.00,0.00,0.00,0.00,0.00,0.00,0.00
F,249,João Pedro,7.2,7.2,Chelsea,49.95,73.35,73.35,73.35,73.35,73.35,73.35,73.35,73.35,73.35,2.69,4.40,3.96,4.74,4.47,4.32,4.99,3.04,3.74,4.16
F,250,Delap,6.2,6.2,Chelsea,54.60,33.75,33.75,33.75,33.75,33.75,33.75,33.75,33.75,33.75,2.58,1.92,1.67,2.04,1.91,1.84,2.17,1.34,1.65,1.79
F,252,Marc Guiu,4.3,4.3,Chelsea,8.70,8.70,8.70,8.70,8.70,8.70,8.70,8.70,8.70,8.70,0.49,0.55,0.50,0.58,0.55,0.53,0.61,0.40,0.48,0.52
G,253,Henderson,5.1,5.1,Crystal Palace,89.10,89.10,89.10,89.10,89.10,89.10,89.10,89.10,89.10,89.10,2.96,3.64,2.90,3.18,3.16,3.99,3.81,3.06,3.06,3.65
G,254,Benitez,4.0,4.0,Crystal Palace,0.90,0.90,0.90,0.90,0.90,0.90,0.90,0.90,0.90,0.90,0.03,0.03,0.03,0.03,0.03,0.04,0.04,0.03,0.03,0.04
G,255,Matthews,3.9,3.9,Crystal Palace,0.00,0.00,0.00,0.00,0.00,0.00,0.00,0.00,0.00,0.00,0.00,0.00,0.00,0.00,0.00,0.00,0.00,0.00,0.00,0.00
D,256,Muñoz,5.8,5.8,Crystal Palace,0.00,0.00,87.45,87.45,87.45,87.45,87.45,87.45,87.45,87.45,0.00,0.00,3.36,3.62,3.51,5.55,5.13,3.57,3.74,4.75
D,257,Lacroix,5.1,5.1,Crystal Palace,85.20,85.20,85.20,85.20,85.20,85.20,85.20,85.20,85.20,85.20,3.90,4.54,3.53,4.00,3.77,5.36,5.07,3.88,4.09,4.85
D,258,Mitchell,5.0,5.0,Crystal Palace,85.20,85.20,85.20,85.20,85.20,85.20,85.20,85.20,85.20,85.20,3.44,4.11,3.14,3.40,3.24,4.97,4.67,3.33,3.55,4.43
D,259,Sosa,4.8,4.8,Crystal Palace,6.30,6.30,6.30,6.30,6.30,6.30,6.30,6.30,6.30,6.30,0.25,0.26,0.25,0.25,0.25,0.30,0.29,0.26,0.25,0.28
D,260,Guéhi,5.3,5.3,Crystal Palace,86.85,86.85,86.85,86.85,86.85,86.85,86.85,86.85,86.85,86.85,3.54,4.21,3.26,3.55,3.44,5.06,4.72,3.57,3.68,4.49
D,261,Richards,4.4,4.4,Crystal Palace,9.00,83.70,83.70,83.70,83.70,83.70,83.70,83.70,83.70,83.70,0.35,4.27,3.41,3.78,3.62,5.11,4.67,3.77,3.85,4.62
D,262,Chadi Riad,4.0,4.0,Crystal Palace,0.00,0.00,0.00,0.00,0.00,0.00,0.00,0.00,0.00,0.00,0.00,0.00,0.00,0.00,0.00,0.00,0.00,0.00,0.00,0.00
D,263,Clyne,3.8,3.8,Crystal Palace,0.00,79.65,3.15,3.15,3.15,3.15,3.15,3.15,3.15,3.15,0.00,3.30,0.12,0.12,0.12,0.15,0.14,0.12,0.12,0.14
D,265,Kporha,4.0,4.0,Crystal Palace,0.00,0.00,0.00,0.00,0.00,0.00,0.00,0.00,0.00,0.00,0.00,0.00,0.00,0.00,0.00,0.00,0.00,0.00,0.00,0.00
M,266,Eze,7.4,7.4,Arsenal,54.00,54.00,54.00,54.00,54.00,108.00,54.00,54.00,54.00,54.00,3.03,2.95,3.28,2.96,3.40,6.43,2.98,3.09,2.95,3.27
M,267,Sarr,6.4,6.4,Crystal Palace,0.00,0.00,83.25,83.25,83.25,83.25,83.25,83.25,83.25,83.25,0.00,0.00,4.03,3.81,3.88,5.06,4.94,3.93,3.88,4.36
M,268,Doucouré,4.9,4.9,Crystal Palace,0.00,0.00,0.00,0.00,0.00,0.00,0.00,0.00,0.00,0.00,0.00,0.00,0.00,0.00,0.00,0.00,0.00,0.00,0.00,0.00
M,269,Esse,4.7,4.7,Crystal Palace,17.70,6.30,6.30,6.30,6.30,6.30,6.30,6.30,6.30,6.30,0.84,0.31,0.29,0.28,0.29,0.34,0.34,0.29,0.29,0.30
M,270,Hughes,4.7,4.7,Crystal Palace,85.50,68.10,54.60,54.60,54.60,54.60,54.60,30.45,30.45,30.45,2.62,2.22,1.76,1.76,1.74,1.95,1.93,1.01,1.03,1.05
M,271,Kamada,5.0,5.0,Crystal Palace,0.00,0.00,0.00,0.00,0.00,0.00,0.00,62.40,62.40,62.40,0.00,0.00,0.00,0.00,0.00,0.00,0.00,2.38,2.44,2.45
M,272,Lerma,4.9,4.9,Crystal Palace,0.00,53.10,37.50,37.50,37.50,37.50,37.50,26.70,26.70,26.70,0.00,1.90,1.38,1.38,1.37,1.44,1.43,0.96,0.97,0.97
M,273,Wharton,5.0,5.0,Crystal Palace,81.75,81.75,81.75,81.75,81.75,81.75,81.75,81.75,81.75,81.75,3.60,3.52,3.45,3.56,3.50,3.87,3.75,3.51,3.53,3.48
M,274,Agbinone,4.3,4.3,Crystal Palace,0.30,0.30,0.30,0.30,0.30,0.30,0.30,0.30,0.30,0.30,0.01,0.01,0.01,0.01,0.01,0.01,0.01,0.01,0.01,0.01
M,275,Ahamada,4.3,4.3,Crystal Palace,0.30,0.30,0.30,0.30,0.30,0.30,0.30,0.30,0.30,0.30,0.01,0.01,0.01,0.01,0.01,0.01,0.01,0.01,0.01,0.01
M,276,Devenny,4.3,4.3,Crystal Palace,85.50,24.45,15.30,15.30,15.30,15.30,15.30,9.15,9.15,9.15,3.36,1.10,0.71,0.69,0.69,0.83,0.82,0.43,0.42,0.45
M,281,Rodney,4.4,4.4,Crystal Palace,17.70,0.30,0.30,0.30,0.30,0.30,0.30,0.30,0.30,0.30,0.78,0.01,0.01,0.01,0.01,0.01,0.01,0.01,0.01,0.01
F,283,Mateta,7.6,7.6,Crystal Palace,76.80,76.80,76.80,76.80,76.80,76.80,76.80,76.80,76.80,76.80,4.01,4.11,3.96,3.71,3.82,4.87,4.94,3.87,3.84,4.24
F,284,Nketiah,5.4,5.4,Crystal Palace,0.00,19.95,20.70,20.70,20.70,20.70,20.70,20.70,20.70,20.70,0.00,0.93,1.00,0.96,0.97,1.21,1.18,0.98,0.97,1.04
F,286,Marsh,4.5,4.5,Crystal Palace,0.30,0.30,0.30,0.30,0.30,0.30,0.30,0.30,0.30,0.30,0.02,0.02,0.02,0.02,0.02,0.02,0.02,0.02,0.02,0.02
G,287,Pickford,5.6,5.6,Everton,89.10,89.10,89.10,89.10,89.10,89.10,89.10,89.10,89.10,89.10,3.94,2.87,3.77,3.20,3.57,3.54,3.43,2.98,4.20,2.36
G,288,Travers,4.3,4.3,Everton,0.90,0.90,0.90,0.90,0.90,0.90,0.90,0.90,0.90,0.90,0.04,0.03,0.04,0.03,0.03,0.03,0.03,0.03,0.04,0.02
G,289,Tyrer,3.9,3.9,Everton,0.00,0.00,0.00,0.00,0.00,0.00,0.00,0.00,0.00,0.00,0.00,0.00,0.00,0.00,0.00,0.00,0.00,0.00,0.00,0.00
D,290,Branthwaite,5.3,5.3,Everton,0.00,16.20,81.30,81.30,81.30,81.30,81.30,81.30,81.30,81.30,0.00,0.66,4.36,3.43,3.71,4.07,3.88,3.45,4.83,2.82
D,291,Tarkowski,5.7,5.7,Everton,87.45,87.45,87.45,87.45,87.45,87.45,87.45,87.45,87.45,87.45,5.26,3.78,5.03,3.98,4.35,4.71,4.50,3.94,5.69,3.16
D,292,Mykolenko,4.9,4.9,Everton,85.20,85.20,85.20,85.20,85.20,85.20,85.20,85.20,85.20,85.20,4.36,2.91,4.16,3.09,3.42,3.67,3.51,3.07,4.64,2.30
D,293,O'Brien,4.9,4.9,Everton,85.95,79.95,79.95,79.95,79.95,79.95,79.95,79.95,79.95,79.95,3.96,2.38,3.43,2.50,2.85,3.06,2.87,2.45,3.87,1.85
D,294,Coleman,4.2,4.2,Everton,2.40,2.40,2.40,2.40,2.40,2.40,2.40,2.40,2.40,2.40,0.09,0.08,0.09,0.08,0.09,0.09,0.09,0.08,0.09,0.08
D,295,Keane,4.8,4.8,Everton,87.45,80.70,8.70,8.70,8.70,8.70,8.70,8.70,8.70,8.70,4.99,3.41,0.43,0.38,0.40,0.42,0.41,0.38,0.46,0.34
D,296,Patterson,4.4,4.4,Everton,5.70,5.70,5.70,5.70,5.70,5.70,5.70,5.70,5.70,5.70,0.23,0.20,0.21,0.20,0.20,0.22,0.22,0.20,0.23,0.18
D,297,Dixon,3.8,3.8,Everton,1.20,1.20,1.20,1.20,1.20,1.20,1.20,1.20,1.20,1.20,0.05,0.04,0.04,0.04,0.04,0.05,0.04,0.04,0.05,0.04
D,298,Welch,3.8,3.8,Everton,1.20,1.20,1.20,1.20,1.20,1.20,1.20,1.20,1.20,1.20,0.05,0.05,0.05,0.05,0.05,0.05,0.05,0.05,0.05,0.05
M,299,Ndiaye,6.2,6.2,Everton,0.00,0.00,82.20,82.20,82.20,82.20,82.20,82.20,82.20,82.20,0.00,0.00,4.49,4.25,4.06,4.74,4.64,4.06,5.13,3.25
M,300,McNeil,5.5,5.5,Everton,81.75,72.90,6.75,6.75,6.75,6.75,6.75,6.75,6.75,6.75,4.16,2.85,0.32,0.31,0.30,0.33,0.32,0.29,0.35,0.26
M,301,Alcaraz,5.2,5.2,Everton,0.00,39.60,14.55,14.55,14.55,14.55,14.55,14.55,14.55,14.55,0.00,1.63,0.64,0.60,0.60,0.67,0.65,0.58,0.72,0.50
M,302,Gana,5.4,5.4,Everton,0.00,0.00,79.80,79.80,79.80,79.80,79.80,79.80,79.80,79.80,0.00,0.00,2.80,2.81,2.72,2.97,2.91,2.78,3.09,2.36
M,303,Garner,5.1,5.1,Everton,85.50,85.50,85.50,85.50,85.50,85.50,85.50,85.50,85.50,85.50,3.92,3.56,3.46,3.54,3.35,3.75,3.63,3.47,3.82,2.90
M,304,Iroegbunam,4.8,4.8,Everton,80.70,50.10,16.65,16.65,16.65,16.65,16.65,16.65,16.65,16.65,3.06,1.80,0.58,0.58,0.56,0.60,0.60,0.58,0.61,0.52
M,305,Armstrong,4.5,4.5,Everton,39.90,9.00,9.00,9.00,9.00,9.00,9.00,9.00,9.00,9.00,1.62,0.32,0.33,0.32,0.32,0.34,0.33,0.32,0.35,0.30
M,306,Bates,4.3,4.3,Everton,0.30,0.30,0.30,0.30,0.30,0.30,0.30,0.30,0.30,0.30,0.01,0.01,0.01,0.01,0.01,0.01,0.01,0.01,0.01,0.01
M,307,Ebere,4.4,4.4,Everton,0.30,0.30,0.30,0.30,0.30,0.30,0.30,0.30,0.30,0.30,0.02,0.01,0.01,0.01,0.01,0.01,0.01,0.01,0.01,0.01
F,310,Barry,5.7,5.7,Everton,73.05,73.05,73.05,73.05,73.05,73.05,73.05,73.05,73.05,73.05,4.44,3.33,3.48,3.25,3.20,3.65,3.53,3.11,4.04,2.57
F,311,Beto,5.0,5.0,Everton,27.90,27.90,27.90,27.90,27.90,27.90,27.90,27.90,27.90,27.90,1.74,1.39,1.46,1.36,1.36,1.53,1.46,1.32,1.66,1.13
G,314,Leno,4.9,4.9,Fulham,89.10,89.10,89.10,89.10,89.10,89.10,89.10,89.10,89.10,89.10,2.80,3.06,3.22,2.91,3.70,2.14,3.51,3.17,3.57,3.06
D,316,Robinson,4.9,4.9,Fulham,82.20,7.20,7.20,7.20,7.20,7.20,7.20,7.20,7.20,7.20,2.95,0.28,0.29,0.27,0.30,0.24,0.29,0.29,0.31,0.27
D,317,Andersen,4.6,4.6,Fulham,87.45,87.45,87.45,87.45,87.45,87.45,87.45,87.45,87.45,87.45,3.60,4.29,4.09,3.88,4.88,2.64,4.48,4.29,4.64,3.93
D,318,Bassey,4.4,4.4,Fulham,0.00,0.00,85.05,85.05,85.05,85.05,85.05,85.05,85.05,85.05,0.00,0.00,3.04,2.83,3.84,1.76,3.39,3.28,3.62,2.89
D,319,Castagne,4.3,4.3,Fulham,86.70,14.10,14.10,14.10,14.10,14.10,14.10,14.10,14.10,14.10,3.02,0.55,0.55,0.53,0.59,0.45,0.56,0.56,0.59,0.52
D,320,Diop,4.3,4.3,Fulham,70.80,26.70,5.40,5.40,5.40,5.40,5.40,5.40,5.40,5.40,2.57,1.10,0.21,0.21,0.23,0.18,0.22,0.22,0.23,0.21
D,321,J.Cuenca,4.3,4.3,Fulham,81.60,77.55,7.05,7.05,7.05,7.05,7.05,7.05,7.05,7.05,3.16,3.56,0.30,0.30,0.34,0.25,0.32,0.31,0.33,0.30
D,322,Tete,4.5,4.5,Fulham,0.00,83.10,83.10,83.10,83.10,83.10,83.10,83.10,83.10,83.10,0.00,3.60,3.51,3.21,4.27,2.06,3.85,3.71,4.09,3.23
D,323,Amissah,3.8,3.8,Fulham,1.50,1.50,1.50,1.50,1.50,1.50,1.50,1.50,1.50,1.50,0.06,0.06,0.06,0.06,0.06,0.05,0.06,0.06,0.06,0.06
M,324,Iwobi,6.3,6.3,Fulham,0.00,0.00,84.00,84.00,84.00,84.00,84.00,84.00,84.00,84.00,0.00,0.00,3.69,3.43,3.74,2.93,3.53,3.73,4.05,3.35
M,325,Smith Rowe,5.6,5.6,Fulham,71.25,70.05,64.50,64.50,64.50,64.50,64.50,64.50,64.50,64.50,3.24,3.08,3.09,2.82,3.12,2.48,2.94,3.05,3.32,2.80
M,326,Adama,5.1,5.1,Fulham,57.00,57.00,9.45,9.45,9.45,9.45,9.45,9.45,9.45,9.45,2.55,2.47,0.46,0.43,0.46,0.39,0.44,0.46,0.50,0.43
M,328,Sessegnon,5.4,5.4,Fulham,11.10,84.90,84.90,84.90,84.90,84.90,84.90,84.90,84.90,84.90,0.46,3.31,3.64,3.47,3.70,3.06,3.40,3.70,3.71,3.47
M,329,Wilson,5.8,5.8,Fulham,79.05,79.05,74.85,74.85,74.85,74.85,74.85,74.85,74.85,74.85,3.82,3.51,3.71,3.31,3.72,2.83,3.49,3.67,4.11,3.33
M,330,Berge,4.9,4.9,Fulham,83.25,83.25,83.25,83.25,83.25,83.25,83.25,83.25,83.25,83.25,2.69,2.56,2.78,2.68,2.84,2.39,2.66,2.82,2.82,2.72
M,331,Cairney,4.8,4.8,Fulham,7.50,7.50,7.50,7.50,7.50,7.50,7.50,7.50,7.50,7.50,0.29,0.28,0.30,0.28,0.30,0.26,0.28,0.30,0.31,0.28
M,332,Lukić,4.9,4.9,Fulham,80.40,80.40,34.20,34.20,34.20,34.20,34.20,34.20,34.20,34.20,2.97,2.76,1.32,1.24,1.33,1.14,1.30,1.39,1.43,1.30
M,335,King,4.4,4.4,Fulham,0.00,57.60,27.90,27.90,27.90,27.90,27.90,27.90,27.90,27.90,0.00,2.39,1.28,1.18,1.30,1.07,1.23,1.28,1.38,1.18
M,336,Reed,4.3,4.3,Fulham,1.50,1.50,1.50,1.50,1.50,1.50,1.50,1.50,1.50,1.50,0.06,0.06,0.06,0.06,0.06,0.05,0.06,0.06,0.06,0.06
F,337,Raúl,6.2,6.2,Fulham,78.30,78.30,78.30,78.30,78.30,78.30,30.60,30.60,30.60,30.60,4.14,3.77,4.27,3.82,4.21,3.29,1.63,1.78,1.91,1.60
F,338,Muniz,5.3,5.3,Fulham,0.00,0.00,0.00,0.00,0.00,0.00,63.90,63.90,63.90,63.90,0.00,0.00,0.00,0.00,0.00,0.00,3.08,3.27,3.55,2.91
G,339,Meslier,4.2,4.2,Leeds United,0.00,0.00,0.00,0.00,0.00,0.00,0.00,0.00,0.00,0.00,0.00,0.00,0.00,0.00,0.00,0.00,0.00,0.00,0.00,0.00
G,340,Cairns,3.9,3.9,Leeds United,0.00,0.00,0.00,0.00,0.00,0.00,0.00,0.00,0.00,0.00,0.00,0.00,0.00,0.00,0.00,0.00,0.00,0.00,0.00,0.00
G,341,Darlow,3.9,3.9,Leeds United,0.90,0.90,0.90,0.90,0.90,0.90,0.90,0.90,0.90,0.90,0.03,0.03,0.03,0.03,0.03,0.03,0.03,0.03,0.04,0.03
D,342,Bogle,4.4,4.4,Leeds United,43.80,83.10,83.10,83.10,83.10,83.10,83.10,83.10,83.10,83.10,1.42,3.66,3.36,2.27,3.36,2.26,2.64,2.18,3.84,3.16
D,343,Struijk,4.3,4.3,Leeds United,85.35,85.35,85.35,85.35,85.35,85.35,85.35,85.35,85.35,85.35,3.14,3.87,3.94,2.78,3.65,2.65,3.13,2.50,4.18,3.74
D,344,Bijol,3.9,3.9,Leeds United,79.95,79.95,79.95,79.95,79.95,79.95,79.95,79.95,79.95,79.95,2.97,3.58,3.72,2.66,3.42,2.55,2.92,2.35,3.90,3.56
D,345,Bornauw,3.8,3.8,Leeds United,84.15,2.40,2.40,2.40,2.40,2.40,2.40,2.40,2.40,2.40,2.87,0.09,0.09,0.08,0.09,0.08,0.08,0.08,0.09,0.09
D,346,Byram,3.8,3.8,Leeds United,3.45,3.45,3.45,3.45,3.45,3.45,3.45,3.45,3.45,3.45,0.12,0.13,0.13,0.12,0.13,0.12,0.12,0.11,0.13,0.13
D,347,Gudmundsson,3.8,3.8,Leeds United,83.85,81.90,81.90,81.90,81.90,81.90,81.90,81.90,81.90,81.90,2.81,3.73,3.58,2.48,3.49,2.40,2.82,2.31,4.00,3.37
D,348,Rodon,3.9,3.9,Leeds United,0.00,85.95,85.95,85.95,85.95,85.95,85.95,85.95,85.95,85.95,0.00,3.71,3.82,2.71,3.49,2.57,3.00,2.37,4.08,3.66
M,350,Aaronson,5.4,5.4,Leeds United,52.50,52.50,52.50,52.50,52.50,52.50,52.50,52.50,52.50,52.50,2.41,2.76,2.50,2.09,2.66,2.32,2.36,2.29,2.74,2.45
M,351,Gnonto,5.2,5.2,Leeds United,11.25,11.25,11.25,11.25,11.25,11.25,11.25,11.25,11.25,11.25,0.48,0.54,0.50,0.45,0.53,0.48,0.50,0.49,0.55,0.51
M,352,Harrison,5.1,5.1,Leeds United,3.45,3.45,3.45,3.45,3.45,3.45,3.45,3.45,3.45,3.45,0.15,0.18,0.16,0.14,0.17,0.15,0.15,0.15,0.17,0.16
M,353,James,5.2,5.2,Leeds United,6.45,6.45,6.45,6.45,6.45,6.45,6.45,6.45,6.45,6.45,0.31,0.35,0.31,0.28,0.33,0.30,0.31,0.30,0.35,0.32
M,354,Ampadu,4.9,4.9,Leeds United,84.45,84.45,84.45,84.45,84.45,84.45,84.45,84.45,84.45,84.45,3.21,3.10,3.34,2.80,3.37,3.15,3.23,2.96,3.16,3.17
M,356,Gruev,4.7,4.7,Leeds United,12.45,12.45,12.45,12.45,12.45,12.45,12.45,12.45,12.45,12.45,0.44,0.46,0.45,0.41,0.46,0.43,0.44,0.43,0.46,0.44
M,358,Tanaka,4.8,4.8,Leeds United,30.00,30.00,30.00,30.00,30.00,30.00,30.00,30.00,30.00,30.00,1.12,1.16,1.15,0.99,1.18,1.09,1.13,1.06,1.17,1.11
F,362,Piroe,4.9,4.9,Leeds United,1.50,1.50,1.50,1.50,1.50,1.50,1.50,1.50,1.50,1.50,0.08,0.09,0.08,0.07,0.08,0.07,0.07,0.07,0.09,0.08
F,365,Nmecha,5.0,5.0,Leeds United,47.25,47.25,47.25,47.25,47.25,47.25,47.25,47.25,47.25,47.25,2.30,2.73,2.33,2.01,2.52,2.24,2.25,2.25,2.62,2.31
G,366,A.Becker,5.4,5.4,Liverpool,89.10,89.10,89.10,89.10,89.10,89.10,89.10,89.10,89.10,89.10,2.49,4.16,3.58,3.54,2.87,3.98,3.56,4.01,3.90,3.68
G,367,Mamardashvili,4.2,4.2,Liverpool,0.90,0.90,0.90,0.90,0.90,0.90,0.90,0.90,0.90,0.90,0.03,0.04,0.03,0.03,0.03,0.04,0.03,0.04,0.04,0.04
G,368,Pécsi,3.9,3.9,Liverpool,0.00,0.00,0.00,0.00,0.00,0.00,0.00,0.00,0.00,0.00,0.00,0.00,0.00,0.00,0.00,0.00,0.00,0.00,0.00,0.00
G,369,Woodman,3.9,3.9,Liverpool,0.00,0.00,0.00,0.00,0.00,0.00,0.00,0.00,0.00,0.00,0.00,0.00,0.00,0.00,0.00,0.00,0.00,0.00,0.00,0.00
D,370,Frimpong,5.7,5.7,Liverpool,24.60,21.60,18.60,18.60,18.60,18.60,18.60,18.60,18.60,18.60,0.93,1.41,0.88,0.90,0.79,0.94,0.87,1.04,0.99,0.96
D,371,Kerkez,5.6,5.6,Liverpool,63.15,63.15,63.15,63.15,63.15,63.15,63.15,63.15,63.15,63.15,2.09,4.05,2.94,3.12,2.40,3.38,2.96,3.68,3.52,3.40
D,372,Robertson,5.8,5.8,Liverpool,29.85,29.85,29.85,29.85,29.85,29.85,29.85,29.85,29.85,29.85,0.96,1.75,1.33,1.40,1.17,1.50,1.33,1.62,1.57,1.51
D,373,Virgil,5.9,5.9,Liverpool,87.45,87.45,87.45,87.45,87.45,87.45,87.45,87.45,87.45,87.45,3.15,5.37,4.33,4.30,3.30,4.66,4.13,4.83,4.72,4.48
D,374,Konaté,5.4,5.4,Liverpool,82.95,82.95,82.95,82.95,82.95,82.95,82.95,82.95,82.95,82.95,2.90,5.08,4.08,4.12,3.04,4.43,3.92,4.53,4.50,4.30
D,375,Bradley,5.0,5.0,Liverpool,69.60,62.40,66.90,66.90,66.90,66.90,66.90,66.90,66.90,66.90,2.00,3.72,3.20,3.39,2.64,3.65,3.19,4.06,3.84,3.68
D,376,Gomez,4.9,4.9,Liverpool,13.95,13.95,11.10,11.10,11.10,11.10,11.10,11.10,11.10,11.10,0.50,0.74,0.47,0.47,0.41,0.49,0.45,0.52,0.50,0.49
D,378,Nallo,3.7,3.7,Liverpool,0.30,0.30,0.30,0.30,0.30,0.30,0.30,0.30,0.30,0.30,0.01,0.01,0.01,0.01,0.01,0.01,0.01,0.01,0.01,0.01
D,379,R.Williams,3.8,3.8,Liverpool,0.30,0.30,0.30,0.30,0.30,0.30,0.30,0.30,0.30,0.30,0.01,0.01,0.01,0.01,0.01,0.01,0.01,0.01,0.01,0.01
D,380,Ramsay,3.8,3.8,Liverpool,0.30,0.30,0.30,0.30,0.30,0.30,0.30,0.30,0.30,0.30,0.01,0.01,0.01,0.01,0.01,0.01,0.01,0.01,0.01,0.01
M,381,M.Salah,14.0,14.0,Liverpool,0.00,0.00,44.55,44.55,44.55,41.40,41.40,41.40,41.40,41.40,0.00,0.00,2.88,2.97,2.63,2.68,2.53,3.23,3.02,2.88
M,382,Wirtz,8.2,8.2,Liverpool,77.10,69.45,77.10,77.10,77.10,75.75,75.75,75.75,75.75,75.75,3.05,4.66,4.09,4.22,3.68,3.96,3.77,4.67,4.39,4.26
M,384,Gakpo,7.3,7.3,Liverpool,72.60,66.15,77.10,77.10,77.10,75.75,75.75,75.75,75.75,75.75,3.07,4.96,4.41,4.44,4.01,4.27,4.11,5.08,4.79,4.57
M,385,Chiesa,6.3,6.3,Liverpool,29.10,29.10,12.00,12.00,12.00,8.85,8.85,8.85,8.85,8.85,1.21,1.97,0.65,0.66,0.62,0.47,0.45,0.55,0.52,0.50
M,386,Mac Allister,6.2,6.2,Liverpool,83.40,83.40,70.35,70.35,70.35,70.35,70.35,70.35,70.35,70.35,2.74,4.34,3.05,3.14,2.81,3.08,2.98,3.48,3.32,3.26
M,387,Szoboszlai,6.6,6.6,Liverpool,85.50,85.50,85.50,85.50,85.50,85.50,85.50,85.50,85.50,85.50,3.57,5.94,4.59,4.57,4.07,4.36,4.26,5.03,4.74,4.64
M,388,C.Jones,5.4,5.4,Liverpool,72.00,72.00,43.50,43.50,43.50,27.75,27.75,27.75,27.75,27.75,2.51,3.81,2.06,2.09,1.91,1.29,1.28,1.44,1.40,1.38
M,389,Elliott,5.1,5.1,Aston Villa,0.00,0.00,0.00,0.00,0.00,0.00,0.00,0.00,0.00,0.00,0.00,0.00,0.00,0.00,0.00,0.00,0.00,0.00,0.00,0.00
M,390,Gravenberch,5.7,5.7,Liverpool,84.15,84.15,84.15,84.15,84.15,84.15,84.15,84.15,84.15,84.15,2.67,3.63,3.30,3.28,3.03,3.15,3.24,3.43,3.36,3.39
M,391,Gannon-Doak,4.8,4.8,Bournemouth,0.00,0.00,0.00,0.00,0.00,0.00,0.00,0.00,0.00,0.00,0.00,0.00,0.00,0.00,0.00,0.00,0.00,0.00,0.00,0.00
M,392,Endo,4.9,4.9,Liverpool,3.15,3.15,3.15,3.15,3.15,3.15,3.15,3.15,3.15,3.15,0.10,0.12,0.11,0.11,0.11,0.11,0.11,0.11,0.11,0.11
M,393,Bajcetic,4.3,4.3,Liverpool,0.30,0.30,0.30,0.30,0.30,0.30,0.30,0.30,0.30,0.30,0.01,0.02,0.01,0.01,0.01,0.01,0.01,0.02,0.01,0.01
M,396,Nyoni,4.3,4.3,Liverpool,0.30,0.30,0.30,0.30,0.30,0.30,0.30,0.30,0.30,0.30,0.01,0.02,0.01,0.01,0.01,0.01,0.01,0.02,0.01,0.01
F,398,Danns,4.3,4.3,Liverpool,0.30,0.30,0.30,0.30,0.30,0.30,0.30,0.30,0.30,0.30,0.01,0.02,0.02,0.02,0.02,0.02,0.02,0.02,0.02,0.02
G,400,Ortega Moreno,4.7,4.7,Man City,0.00,0.00,0.00,0.00,0.00,0.00,0.00,0.00,0.00,0.00,0.00,0.00,0.00,0.00,0.00,0.00,0.00,0.00,0.00,0.00
G,401,Bettinelli,3.9,3.9,Man City,0.00,0.00,0.00,0.00,0.00,0.00,0.00,0.00,0.00,0.00,0.00,0.00,0.00,0.00,0.00,0.00,0.00,0.00,0.00,0.00
D,402,Aït-Nouri,5.7,5.7,Man City,0.00,0.00,25.50,25.50,25.50,25.50,25.50,25.50,25.50,25.50,0.00,0.00,1.60,1.28,1.11,1.42,1.33,1.35,1.38,1.40
D,403,Gvardiol,6.1,6.1,Man City,0.00,0.00,0.00,0.00,0.00,0.00,0.00,0.00,0.00,0.00,0.00,0.00,0.00,0.00,0.00,0.00,0.00,0.00,0.00,0.00
D,405,Aké,5.3,5.3,Man City,87.75,77.55,74.40,74.40,74.40,74.40,73.80,73.80,73.80,73.80,3.76,3.45,4.39,3.50,2.94,3.98,3.58,3.82,3.81,3.81
D,406,Khusanov,5.4,5.4,Man City,87.45,85.05,81.30,81.30,81.30,81.30,40.20,40.20,40.20,40.20,3.52,3.26,4.11,3.29,2.76,3.71,1.74,1.81,1.80,1.82
D,407,Matheus N.,5.5,5.5,Man City,84.00,80.25,80.25,80.25,80.25,80.25,80.25,80.25,80.25,80.25,4.22,3.81,4.89,3.94,3.40,4.42,4.06,4.43,4.26,4.32
D,408,Rúben,5.7,5.7,Man City,0.00,0.00,0.00,0.00,0.00,0.00,80.25,80.25,80.25,80.25,0.00,0.00,0.00,0.00,0.00,0.00,3.58,3.86,3.79,3.80
D,409,Stones,5.4,5.4,Man City,0.00,29.70,39.00,39.00,39.00,39.00,24.00,24.00,24.00,24.00,0.00,1.29,2.16,1.74,1.48,1.98,1.09,1.12,1.14,1.16
D,410,Lewis,4.7,4.7,Man City,30.15,22.95,19.35,19.35,19.35,19.35,19.35,19.35,19.35,19.35,1.46,1.02,1.04,0.87,0.77,0.95,0.91,0.90,0.92,0.93
D,411,O'Reilly,5.3,5.3,Man City,83.10,81.15,69.60,69.60,69.60,69.60,69.60,69.60,69.60,69.60,4.46,4.00,4.67,3.60,3.06,4.11,3.74,3.87,3.93,4.00
M,413,Marmoush,8.3,8.3,Man City,0.00,0.00,25.50,25.50,25.50,25.50,25.50,25.50,25.50,25.50,0.00,0.00,2.15,1.64,1.44,1.86,1.76,1.66,1.80,1.81
M,414,Foden,8.8,8.8,Man City,78.60,78.60,78.60,78.60,78.60,78.60,78.60,78.60,78.60,78.60,5.71,5.03,6.62,5.10,4.33,5.67,5.38,5.11,5.63,5.62
M,415,Savinho,6.9,6.9,Man City,0.00,0.00,22.05,22.05,22.05,22.05,22.05,22.05,22.05,22.05,0.00,0.00,1.52,1.19,1.07,1.30,1.26,1.17,1.30,1.29
M,416,Bernardo,6.2,6.2,Man City,78.90,78.90,67.05,67.05,67.05,67.05,67.05,67.05,67.05,67.05,3.50,3.36,3.31,2.88,2.47,3.03,2.90,2.83,3.05,2.94
M,417,Cherki,6.8,6.8,Man City,63.75,63.75,63.75,63.75,63.75,63.75,63.75,63.75,63.75,63.75,4.01,3.55,4.58,3.55,3.14,3.95,3.81,3.56,3.91,3.88
M,418,Doku,6.4,6.4,Man City,46.50,46.50,46.50,46.50,46.50,46.50,46.50,46.50,46.50,46.50,2.84,2.61,3.13,2.50,2.18,2.71,2.63,2.50,2.69,2.66
M,419,Grealish,6.5,6.5,Everton,82.20,82.20,82.20,82.20,82.20,82.20,82.20,82.20,82.20,82.20,4.34,3.24,3.69,3.40,3.41,3.81,3.66,3.26,4.25,2.66
M,421,Rodrigo,6.3,6.3,Man City,84.75,84.75,80.85,80.85,80.85,80.85,71.40,71.40,71.40,71.40,3.63,3.43,3.63,3.33,2.98,3.34,3.00,2.83,3.12,2.94
M,422,Kovačić,5.9,5.9,Man City,0.00,0.00,0.00,0.00,0.00,0.00,0.00,0.00,0.00,0.00,0.00,0.00,0.00,0.00,0.00,0.00,0.00,0.00,0.00,0.00
M,423,N.Gonzalez,5.9,5.9,Man City,26.40,26.40,26.40,26.40,26.40,26.40,26.40,26.40,26.40,26.40,1.09,1.05,1.13,1.07,0.97,1.06,1.07,1.01,1.10,1.06
M,424,Bobb,5.1,5.1,Man City,0.00,13.20,13.20,13.20,13.20,13.20,13.20,13.20,13.20,13.20,0.00,0.72,0.88,0.71,0.65,0.78,0.76,0.72,0.77,0.78
M,426,McAtee,5.0,5.0,Nott'm Forest,6.75,6.75,6.75,6.75,6.75,6.75,6.75,6.75,6.75,6.75,0.32,0.27,0.31,0.32,0.30,0.36,0.30,0.30,0.28,0.33
M,427,Reijnders,5.2,5.2,Man City,68.10,64.35,28.50,28.50,28.50,28.50,28.50,28.50,28.50,28.50,3.87,3.31,1.81,1.43,1.30,1.61,1.51,1.46,1.57,1.58
M,429,Phillips,4.8,4.8,Man City,0.30,0.30,0.30,0.30,0.30,0.30,0.30,0.30,0.30,0.30,0.01,0.01,0.01,0.01,0.01,0.01,0.01,0.01,0.01,0.01
F,430,Haaland,15.1,15.1,Man City,86.25,86.25,86.25,86.25,86.25,86.25,86.25,86.25,86.25,86.25,7.74,6.92,9.19,6.75,5.98,7.76,7.33,6.76,7.58,7.61
G,431,Bayindir,4.8,4.8,Man Utd,0.90,0.90,0.90,0.90,0.90,0.90,0.90,0.90,0.90,0.90,0.04,0.03,0.02,0.03,0.03,0.03,0.03,0.03,0.03,0.03
G,434,Heaton,3.9,3.9,Man Utd,0.00,0.00,0.00,0.00,0.00,0.00,0.00,0.00,0.00,0.00,0.00,0.00,0.00,0.00,0.00,0.00,0.00,0.00,0.00,0.00
G,435,Mee,3.9,3.9,Man Utd,0.00,0.00,0.00,0.00,0.00,0.00,0.00,0.00,0.00,0.00,0.00,0.00,0.00,0.00,0.00,0.00,0.00,0.00,0.00,0.00
D,436,De Ligt,4.9,4.9,Man Utd,20.25,87.45,87.45,87.45,87.45,87.45,87.45,87.45,87.45,87.45,1.09,2.60,2.51,4.06,3.91,3.86,4.10,4.29,3.30,3.58
D,437,Martinez,4.8,4.8,Man Utd,79.95,80.85,56.85,56.85,56.85,56.85,56.85,56.85,56.85,56.85,3.88,2.14,1.48,2.32,2.29,2.26,2.37,2.44,1.93,2.08
D,438,Mazraoui,4.9,4.9,Man Utd,0.00,0.00,37.50,37.50,37.50,37.50,37.50,37.50,37.50,37.50,0.00,0.00,1.20,1.78,1.72,1.73,1.82,1.84,1.47,1.59
D,439,D.Leon,4.2,4.2,Man Utd,1.20,1.20,1.20,1.20,1.20,1.20,1.20,1.20,1.20,1.20,0.05,0.05,0.04,0.05,0.05,0.05,0.05,0.05,0.05,0.05
D,440,Dalot,4.5,4.5,Man Utd,84.15,84.15,60.75,60.75,60.75,60.75,60.75,60.75,60.75,60.75,4.41,2.46,1.71,2.98,2.89,2.86,2.82,3.01,2.30,2.67
D,441,Dorgu,4.2,4.2,Man Utd,84.15,84.15,36.30,36.30,36.30,36.30,36.30,36.30,36.30,36.30,4.69,2.32,0.95,1.54,1.50,1.48,1.46,1.55,1.22,1.40
D,442,Maguire,4.3,4.3,Man Utd,10.50,24.30,24.30,24.30,24.30,24.30,24.30,24.30,24.30,24.30,0.49,0.80,0.74,1.01,1.00,1.00,1.00,1.03,0.89,0.96
D,443,Shaw,4.5,4.5,Man Utd,80.40,80.40,80.40,80.40,80.40,80.40,80.40,80.40,80.40,80.40,3.47,1.83,1.63,3.11,2.98,2.96,3.06,3.16,2.26,2.71
D,444,Yoro,4.2,4.2,Man Utd,59.10,21.60,21.60,21.60,21.60,21.60,21.60,21.60,21.60,21.60,2.80,0.65,0.62,0.81,0.80,0.79,0.80,0.83,0.72,0.77
D,446,Fredricson,3.8,3.8,Man Utd,0.00,0.00,0.00,0.00,0.00,0.00,0.00,0.00,0.00,0.00,0.00,0.00,0.00,0.00,0.00,0.00,0.00,0.00,0.00,0.00
D,447,Heaven,3.9,3.9,Man Utd,75.30,19.05,19.05,19.05,19.05,19.05,19.05,19.05,19.05,19.05,3.99,0.64,0.66,0.87,0.86,0.86,0.91,0.93,0.78,0.81
D,448,Malacia,3.8,3.8,Man Utd,0.60,0.60,0.60,0.60,0.60,0.60,0.60,0.60,0.60,0.60,0.02,0.02,0.02,0.02,0.02,0.02,0.02,0.02,0.02,0.02
M,449,B.Fernandes,9.1,9.1,Man Utd,34.05,76.65,86.85,86.85,86.85,86.85,86.85,86.85,86.85,86.85,2.54,4.42,3.97,5.74,5.99,5.62,5.48,5.85,5.21,5.74
M,450,Cunha,8.2,8.2,Man Utd,82.50,82.50,76.05,76.05,76.05,76.05,76.05,76.05,76.05,76.05,6.02,4.29,3.02,4.54,4.53,4.45,4.10,4.57,3.89,4.36
M,452,Amad,6.3,6.3,Man Utd,0.00,0.00,72.60,72.60,72.60,72.60,72.60,72.60,72.60,72.60,0.00,0.00,2.65,3.67,3.79,3.68,3.53,3.75,3.26,3.62
M,453,Garnacho,6.4,6.4,Chelsea,45.00,45.00,45.00,45.00,45.00,45.00,45.00,45.00,45.00,45.00,2.22,2.55,2.27,2.73,2.60,2.51,2.90,1.77,2.16,2.42
M,455,Mount,5.9,5.9,Man Utd,13.95,67.50,23.85,23.85,23.85,23.85,23.85,23.85,23.85,23.85,0.80,2.95,0.87,1.17,1.16,1.15,1.09,1.17,1.03,1.12
M,456,Sancho,5.8,5.8,Aston Villa,15.30,15.30,15.30,15.30,15.30,15.30,15.30,15.30,15.30,0.00,0.77,0.83,0.74,0.83,0.79,0.82,0.81,0.86,0.79,0.00
M,457,Casemiro,5.5,5.5,Man Utd,76.50,76.50,71.10,71.10,71.10,71.10,71.10,71.10,71.10,71.10,4.21,3.55,2.66,3.35,3.54,3.27,3.38,3.37,3.21,3.40
M,458,Mainoo,4.6,4.6,Man Utd,37.50,19.65,9.15,9.15,9.15,9.15,9.15,9.15,9.15,9.15,1.66,0.77,0.33,0.37,0.38,0.38,0.37,0.38,0.36,0.37
M,459,Ugarte,4.7,4.7,Man Utd,70.35,37.95,17.55,17.55,17.55,17.55,17.55,17.55,17.55,17.55,3.19,1.49,0.59,0.64,0.67,0.64,0.66,0.66,0.65,0.66
M,461,Fitzgerald,4.4,4.4,Man Utd,0.30,0.30,0.30,0.30,0.30,0.30,0.30,0.30,0.30,0.30,0.02,0.01,0.01,0.01,0.01,0.01,0.01,0.01,0.01,0.01
M,462,J.Fletcher,4.3,4.3,Man Utd,1.20,1.20,1.20,1.20,1.20,1.20,1.20,1.20,1.20,1.20,0.06,0.05,0.05,0.06,0.06,0.06,0.06,0.06,0.06,0.06
M,463,Kone,4.3,4.3,Man Utd,0.30,0.30,0.30,0.30,0.30,0.30,0.30,0.30,0.30,0.30,0.02,0.01,0.01,0.01,0.01,0.01,0.01,0.01,0.01,0.01
F,466,Zirkzee,5.8,5.8,Man Utd,52.50,20.10,6.75,6.75,6.75,6.75,6.75,6.75,6.75,6.75,2.80,0.92,0.29,0.37,0.38,0.37,0.34,0.37,0.33,0.37
F,467,Obi,4.2,4.2,Man Utd,0.60,0.60,0.60,0.60,0.60,0.60,0.60,0.60,0.60,0.60,0.04,0.03,0.03,0.04,0.03,0.03,0.03,0.03,0.03,0.03
G,469,Pope,5.1,5.1,Newcastle,89.10,89.10,89.10,89.10,89.10,89.10,89.10,89.10,89.10,89.10,3.66,3.67,3.27,2.76,3.78,3.14,2.41,3.92,3.40,2.72
G,470,Dúbravka,4.0,4.0,Burnley,89.10,89.10,89.10,89.10,89.10,89.10,89.10,89.10,89.10,89.10,2.82,2.16,2.82,3.28,3.28,3.11,2.20,3.16,3.15,3.03
G,471,Gillespie,3.9,3.9,Newcastle,0.00,0.00,0.00,0.00,0.00,0.00,0.00,0.00,0.00,0.00,0.00,0.00,0.00,0.00,0.00,0.00,0.00,0.00,0.00,0.00
D,473,Hall,5.3,5.3,Newcastle,80.85,77.10,64.35,64.35,64.35,64.35,64.35,64.35,64.35,64.35,4.38,4.04,3.19,2.63,3.70,3.13,2.04,3.84,3.39,2.49
D,474,Schär,5.3,5.3,Newcastle,80.55,80.55,32.25,32.25,32.25,32.25,32.25,32.25,32.25,32.25,4.18,4.10,1.49,1.31,1.70,1.47,1.06,1.78,1.56,1.23
D,475,Botman,4.9,4.9,Newcastle,26.40,26.40,22.65,22.65,22.65,22.65,22.65,22.65,22.65,22.65,1.36,1.33,1.03,0.92,1.14,1.02,0.77,1.20,1.06,0.86
D,476,Burn,5.0,5.0,Newcastle,0.00,0.00,84.45,84.45,84.45,84.45,84.45,84.45,84.45,84.45,0.00,0.00,3.55,3.00,4.23,3.50,2.22,4.37,3.72,2.74
D,477,Livramento,4.9,4.9,Newcastle,78.30,85.35,78.45,78.45,78.45,78.45,78.45,78.45,78.45,78.45,3.72,3.90,3.46,2.55,3.94,3.24,1.99,4.26,3.42,2.49
D,478,Trippier,4.9,4.9,Newcastle,14.40,19.80,16.80,16.80,16.80,16.80,16.80,16.80,16.80,16.80,0.64,0.96,0.73,0.62,0.79,0.70,0.57,0.79,0.74,0.63
D,479,Krafth,4.3,4.3,Newcastle,8.10,8.10,2.40,2.40,2.40,2.40,2.40,2.40,2.40,2.40,0.30,0.30,0.09,0.09,0.09,0.09,0.08,0.09,0.09,0.08
D,480,Lascelles,4.3,4.3,Newcastle,1.20,1.20,1.20,1.20,1.20,1.20,1.20,1.20,1.20,1.20,0.04,0.05,0.04,0.04,0.04,0.04,0.04,0.05,0.04,0.04
D,481,A.Murphy,3.8,3.8,Newcastle,3.00,3.00,0.60,0.60,0.60,0.60,0.60,0.60,0.60,0.60,0.11,0.12,0.02,0.02,0.02,0.02,0.02,0.02,0.02,0.02
D,482,Ashby,3.9,3.9,Newcastle,0.00,0.00,0.00,0.00,0.00,0.00,0.00,0.00,0.00,0.00,0.00,0.00,0.00,0.00,0.00,0.00,0.00,0.00,0.00,0.00
D,483,Pivas,3.8,3.8,Newcastle,0.00,0.00,0.00,0.00,0.00,0.00,0.00,0.00,0.00,0.00,0.00,0.00,0.00,0.00,0.00,0.00,0.00,0.00,0.00,0.00
M,485,Gordon,7.4,7.4,Newcastle,76.05,66.90,66.90,66.90,66.90,66.90,66.90,66.90,66.90,66.90,4.79,4.35,4.17,3.35,4.28,3.82,3.22,4.29,4.28,3.55
M,486,Elanga,6.5,6.5,Newcastle,0.00,15.30,15.30,15.30,15.30,15.30,15.30,15.30,15.30,15.30,0.00,0.84,0.80,0.71,0.83,0.77,0.69,0.82,0.83,0.73
M,487,Barnes,6.1,6.1,Newcastle,72.30,46.50,46.50,46.50,46.50,46.50,46.50,46.50,46.50,46.50,4.18,2.82,2.62,2.17,2.73,2.47,2.09,2.72,2.71,2.27
M,488,Bruno G.,7.1,7.1,Newcastle,83.25,83.25,83.25,83.25,83.25,83.25,83.25,83.25,83.25,83.25,3.91,3.99,3.88,3.30,4.02,3.77,3.19,4.09,4.02,3.49
M,489,J.Murphy,6.0,6.0,Newcastle,32.40,51.15,51.15,51.15,51.15,51.15,51.15,51.15,51.15,51.15,1.82,2.84,2.67,2.27,2.84,2.50,2.18,2.78,2.82,2.36
M,490,Joelinton,5.9,5.9,Newcastle,39.00,39.00,39.00,39.00,39.00,39.00,39.00,39.00,39.00,39.00,1.66,1.70,1.73,1.49,1.71,1.65,1.47,1.76,1.75,1.56
M,491,Tonali,5.3,5.3,Newcastle,75.75,75.75,75.75,75.75,75.75,75.75,75.75,75.75,75.75,75.75,3.28,3.33,3.22,2.86,3.30,3.16,2.76,3.43,3.33,3.03
M,493,Longstaff,4.8,4.8,Leeds United,56.10,56.10,56.10,56.10,56.10,56.10,56.10,56.10,56.10,56.10,2.33,2.52,2.45,2.01,2.55,2.23,2.32,2.22,2.55,2.29
M,494,Willock,5.0,5.0,Newcastle,9.30,9.30,9.30,9.30,9.30,9.30,9.30,9.30,9.30,9.30,0.44,0.45,0.43,0.39,0.45,0.42,0.38,0.44,0.44,0.40
M,497,L.Miley,4.5,4.5,Newcastle,44.25,34.65,34.65,34.65,34.65,34.65,34.65,34.65,34.65,34.65,1.75,1.41,1.40,1.24,1.41,1.37,1.21,1.42,1.42,1.30
F,499,Isak,10.3,10.3,Liverpool,0.00,0.00,0.00,0.00,0.00,43.50,43.50,43.50,43.50,43.50,0.00,0.00,0.00,0.00,0.00,2.55,2.39,3.00,2.86,2.74
F,500,Osula,5.4,5.4,Newcastle,5.70,5.70,5.70,5.70,5.70,5.70,5.70,5.70,5.70,5.70,0.32,0.32,0.30,0.27,0.31,0.29,0.26,0.31,0.32,0.28
F,501,Neave,4.3,4.3,Newcastle,0.30,0.30,0.30,0.30,0.30,0.30,0.30,0.30,0.30,0.30,0.02,0.02,0.02,0.02,0.02,0.02,0.02,0.02,0.02,0.02
G,502,Sels,4.6,4.6,Nott'm Forest,89.10,72.00,72.00,72.00,72.00,72.00,72.00,72.00,72.00,72.00,3.26,1.99,2.69,2.92,2.69,3.01,2.31,2.50,1.84,2.85
D,505,Milenković,5.1,5.1,Nott'm Forest,87.45,87.45,87.45,87.45,87.45,87.45,87.45,87.45,87.45,87.45,3.69,2.81,3.85,4.17,3.93,4.42,3.28,3.28,2.21,3.94
D,506,Murillo,5.2,5.2,Nott'm Forest,82.95,82.95,82.95,82.95,82.95,82.95,82.95,82.95,82.95,82.95,3.88,3.05,4.12,4.39,4.14,4.56,3.50,3.47,2.43,4.11
D,507,Aina,4.7,4.7,Nott'm Forest,72.60,65.40,72.60,72.60,72.60,72.60,72.60,72.60,72.60,72.60,2.91,1.93,2.97,3.24,3.06,3.55,2.52,2.57,1.67,3.14
D,508,N.Williams,4.7,4.7,Nott'm Forest,83.25,84.75,83.25,83.25,83.25,83.25,83.25,83.25,83.25,83.25,3.64,2.53,3.59,3.99,3.68,4.50,3.08,3.09,1.96,3.87
D,510,Jair Cunha,4.3,4.3,Nott'm Forest,3.15,3.15,3.15,3.15,3.15,3.15,3.15,3.15,3.15,3.15,0.14,0.12,0.14,0.15,0.14,0.15,0.13,0.13,0.11,0.14
D,511,Morato,4.3,4.3,Nott'm Forest,13.65,24.75,13.65,13.65,13.65,13.65,13.65,13.65,13.65,13.65,0.51,0.77,0.52,0.54,0.53,0.56,0.48,0.48,0.40,0.52
D,513,Abbott,3.8,3.8,Nott'm Forest,1.50,1.50,1.50,1.50,1.50,1.50,1.50,1.50,1.50,1.50,0.06,0.05,0.06,0.06,0.06,0.06,0.06,0.06,0.05,0.06
D,514,Boly,3.8,3.8,Nott'm Forest,0.00,0.00,2.10,2.10,2.10,2.10,2.10,2.10,2.10,2.10,0.00,0.00,0.09,0.09,0.09,0.09,0.08,0.08,0.07,0.09
M,515,Gibbs-White,7.3,7.3,Nott'm Forest,83.25,83.25,83.25,83.25,83.25,83.25,83.25,83.25,83.25,83.25,4.51,3.37,4.21,4.69,4.14,5.47,4.07,4.07,3.46,4.72
M,516,Hudson-Odoi,5.7,5.7,Nott'm Forest,42.30,42.30,42.30,42.30,42.30,42.30,42.30,42.30,42.30,42.30,1.91,1.61,1.83,2.00,1.83,2.19,1.77,1.81,1.60,1.99
M,517,Anderson,5.3,5.3,Nott'm Forest,87.00,87.00,87.00,87.00,87.00,87.00,87.00,87.00,87.00,87.00,4.48,3.78,4.47,4.70,4.38,5.01,4.33,4.49,3.98,4.49
M,519,Dominguez,5.0,5.0,Nott'm Forest,71.70,54.90,42.00,42.00,42.00,42.00,42.00,42.00,42.00,42.00,2.68,1.78,1.60,1.67,1.57,1.80,1.54,1.60,1.44,1.63
M,521,Sangaré,4.9,4.9,Nott'm Forest,0.00,0.00,26.70,26.70,26.70,26.70,26.70,26.70,26.70,26.70,0.00,0.00,0.96,0.99,0.95,1.03,0.92,0.97,0.89,0.96
M,522,Yates,4.7,4.7,Nott'm Forest,0.00,34.05,20.70,20.70,20.70,20.70,20.70,20.70,20.70,20.70,0.00,1.15,0.81,0.84,0.80,0.89,0.78,0.82,0.74,0.83
F,525,Wood,7.2,7.2,Nott'm Forest,0.00,0.00,0.00,0.00,0.00,0.00,33.90,33.90,33.90,33.90,0.00,0.00,0.00,0.00,0.00,0.00,1.88,1.89,1.65,2.09
F,526,Igor Jesus,5.8,5.8,Nott'm Forest,79.05,79.05,79.05,79.05,79.05,79.05,60.15,60.15,60.15,60.15,4.15,3.20,3.87,4.24,3.81,4.88,2.85,2.94,2.58,3.28
F,527,Awoniyi,5.2,5.2,Nott'm Forest,17.55,17.55,17.55,17.55,17.55,17.55,6.75,6.75,6.75,6.75,0.93,0.80,0.90,0.97,0.90,1.11,0.35,0.35,0.32,0.38
G,528,Patterson,4.2,4.2,Sunderland,0.90,0.90,0.90,0.90,0.90,0.90,0.90,0.90,0.90,0.90,0.03,0.03,0.03,0.04,0.02,0.03,0.03,0.03,0.03,0.03
G,529,Moore,3.9,3.9,Sunderland,0.00,0.00,0.00,0.00,0.00,0.00,0.00,0.00,0.00,0.00,0.00,0.00,0.00,0.00,0.00,0.00,0.00,0.00,0.00,0.00
G,530,Nna Noukeu,3.9,3.9,Sunderland,0.00,0.00,0.00,0.00,0.00,0.00,0.00,0.00,0.00,0.00,0.00,0.00,0.00,0.00,0.00,0.00,0.00,0.00,0.00,0.00
D,531,Ballard,4.6,4.6,Sunderland,85.05,85.05,81.60,81.60,81.60,81.60,81.60,81.60,81.60,81.60,3.95,4.41,4.14,5.20,2.87,3.61,4.22,3.88,4.26,3.92
D,532,Hume,4.5,4.5,Sunderland,85.65,61.65,67.35,67.35,67.35,67.35,67.35,67.35,67.35,67.35,3.05,2.54,2.74,3.51,1.64,2.24,2.86,2.41,2.72,2.59
D,533,Alese,4.0,4.0,Sunderland,0.00,0.00,0.00,0.00,0.00,0.00,0.00,0.00,0.00,0.00,0.00,0.00,0.00,0.00,0.00,0.00,0.00,0.00,0.00,0.00
D,534,Anderson,3.8,3.8,Sunderland,0.00,0.00,0.00,0.00,0.00,0.00,0.00,0.00,0.00,0.00,0.00,0.00,0.00,0.00,0.00,0.00,0.00,0.00,0.00,0.00
D,535,Cirkin,4.0,4.0,Sunderland,8.70,8.70,8.70,8.70,8.70,8.70,8.70,8.70,8.70,8.70,0.31,0.33,0.33,0.36,0.27,0.31,0.33,0.32,0.31,0.32
D,536,Hjelde,4.0,4.0,Sunderland,0.00,0.00,0.00,0.00,0.00,0.00,0.00,0.00,0.00,0.00,0.00,0.00,0.00,0.00,0.00,0.00,0.00,0.00,0.00,0.00
D,538,Johnson,3.8,3.8,Sunderland,0.00,0.00,0.00,0.00,0.00,0.00,0.00,0.00,0.00,0.00,0.00,0.00,0.00,0.00,0.00,0.00,0.00,0.00,0.00,0.00
D,539,O'Nien,4.0,4.0,Sunderland,2.70,2.70,2.70,2.70,2.70,2.70,2.70,2.70,2.70,2.70,0.10,0.10,0.10,0.11,0.09,0.09,0.10,0.10,0.10,0.10
D,540,Pembele,3.9,3.9,Sunderland,0.00,0.00,0.00,0.00,0.00,0.00,0.00,0.00,0.00,0.00,0.00,0.00,0.00,0.00,0.00,0.00,0.00,0.00,0.00,0.00
D,541,Reinildo,3.8,3.8,Sunderland,0.00,77.85,79.20,79.20,79.20,79.20,79.20,79.20,79.20,79.20,0.00,3.10,2.90,3.69,1.82,2.43,3.02,2.63,2.97,2.73
M,543,Adingra,4.9,4.9,Sunderland,68.70,65.55,6.75,6.75,6.75,6.75,6.75,6.75,6.75,6.75,2.72,2.90,0.33,0.37,0.27,0.31,0.33,0.32,0.31,0.33
M,544,Diarra,5.3,5.3,Sunderland,0.00,0.00,58.05,58.05,58.05,58.05,58.05,58.05,58.05,58.05,0.00,0.00,2.49,2.87,1.87,2.27,2.57,2.40,2.32,2.57
M,547,E.Le Fée,4.9,4.9,Sunderland,84.75,84.75,69.60,69.60,69.60,69.60,69.60,69.60,69.60,69.60,3.46,3.76,3.06,3.59,2.30,2.84,3.10,2.98,2.82,3.09
M,548,Mundle,4.9,4.9,Sunderland,46.80,33.90,1.50,1.50,1.50,1.50,1.50,1.50,1.50,1.50,1.65,1.29,0.06,0.06,0.05,0.06,0.06,0.06,0.06,0.06
M,549,Neil,4.8,4.8,Sunderland,27.75,20.70,10.05,10.05,10.05,10.05,10.05,10.05,10.05,10.05,0.91,0.72,0.35,0.38,0.33,0.34,0.36,0.35,0.35,0.36
M,550,Poveda,4.8,4.8,Sunderland,0.00,0.00,0.00,0.00,0.00,0.00,0.00,0.00,0.00,0.00,0.00,0.00,0.00,0.00,0.00,0.00,0.00,0.00,0.00,0.00
M,551,Rigg,4.7,4.7,Sunderland,69.30,66.45,11.55,11.55,11.55,11.55,11.55,11.55,11.55,11.55,2.50,2.62,0.52,0.57,0.43,0.49,0.51,0.50,0.49,0.52
M,552,Sadiki,4.9,4.9,Sunderland,0.00,0.00,83.85,83.85,83.85,83.85,83.85,83.85,83.85,83.85,0.00,0.00,2.52,2.73,2.11,2.40,2.55,2.46,2.45,2.57
M,553,Talbi,4.9,4.9,Sunderland,0.00,0.00,27.15,27.15,27.15,27.15,27.15,27.15,27.15,27.15,0.00,0.00,1.32,1.52,1.03,1.22,1.35,1.26,1.23,1.34
M,554,Ba,4.3,4.3,Sunderland,0.00,0.00,0.00,0.00,0.00,0.00,0.00,0.00,0.00,0.00,0.00,0.00,0.00,0.00,0.00,0.00,0.00,0.00,0.00,0.00
M,557,H.Jones,4.3,4.3,Sunderland,0.00,0.00,0.00,0.00,0.00,0.00,0.00,0.00,0.00,0.00,0.00,0.00,0.00,0.00,0.00,0.00,0.00,0.00,0.00,0.00
M,558,Matete,4.3,4.3,Sunderland,0.00,0.00,0.00,0.00,0.00,0.00,0.00,0.00,0.00,0.00,0.00,0.00,0.00,0.00,0.00,0.00,0.00,0.00,0.00,0.00
F,560,Isidor,5.3,5.3,Sunderland,17.85,35.40,27.60,27.60,27.60,27.60,27.60,27.60,27.60,27.60,0.85,1.85,1.45,1.72,1.11,1.33,1.47,1.40,1.36,1.45
F,561,Mayenda,5.2,5.2,Sunderland,49.95,27.45,9.15,9.15,9.15,9.15,9.15,9.15,9.15,9.15,2.01,1.33,0.48,0.54,0.39,0.44,0.50,0.47,0.45,0.48
F,562,Abdullahi,4.3,4.3,Sunderland,0.60,0.60,0.60,0.60,0.60,0.60,0.60,0.60,0.60,0.60,0.03,0.03,0.03,0.04,0.03,0.03,0.03,0.03,0.03,0.03
G,565,Vicario,4.8,4.8,Spurs,89.10,89.10,89.10,89.10,89.10,89.10,89.10,89.10,89.10,89.10,3.31,3.58,3.77,2.52,3.08,3.20,2.54,3.42,3.72,2.70
G,566,Austin,3.9,3.9,Spurs,0.00,0.00,0.00,0.00,0.00,0.00,0.00,0.00,0.00,0.00,0.00,0.00,0.00,0.00,0.00,0.00,0.00,0.00,0.00,0.00
G,567,Kinsky,3.9,3.9,Spurs,0.90,0.90,0.90,0.90,0.90,0.90,0.90,0.90,0.90,0.90,0.03,0.03,0.04,0.03,0.03,0.03,0.03,0.03,0.03,0.03
D,568,Pedro Porro,5.2,5.2,Spurs,79.20,79.20,79.20,79.20,79.20,79.20,79.20,79.20,79.20,79.20,3.51,4.54,4.52,2.68,3.33,3.68,2.70,3.63,4.29,2.83
D,569,Romero,5.0,5.0,Spurs,86.70,86.70,86.70,86.70,86.70,86.70,86.70,86.70,86.70,86.70,3.65,4.27,4.59,2.53,3.42,3.71,2.82,3.62,4.33,2.98
D,570,Danso,4.2,4.2,Spurs,10.05,10.05,10.05,10.05,10.05,10.05,10.05,10.05,10.05,10.05,0.45,0.45,0.49,0.37,0.43,0.44,0.40,0.43,0.47,0.41
D,571,Davies,4.3,4.3,Spurs,34.05,4.20,4.20,4.20,4.20,4.20,4.20,4.20,4.20,4.20,1.30,0.16,0.16,0.14,0.15,0.15,0.14,0.15,0.15,0.14
D,572,Dragusin,4.5,4.5,Spurs,0.00,0.00,0.00,0.00,0.00,0.00,0.00,0.00,0.00,0.00,0.00,0.00,0.00,0.00,0.00,0.00,0.00,0.00,0.00,0.00
D,573,Spence,4.3,4.3,Spurs,63.75,63.75,63.75,63.75,63.75,63.75,63.75,63.75,63.75,63.75,2.20,2.89,2.91,1.72,2.07,2.31,1.75,2.39,2.70,1.73
D,574,Udogie,4.3,4.3,Spurs,6.00,37.20,37.20,37.20,37.20,37.20,37.20,37.20,37.20,37.20,0.22,1.70,1.71,1.08,1.25,1.39,1.10,1.43,1.61,1.09
D,575,Van de Ven,4.5,4.5,Spurs,86.70,86.70,86.70,86.70,86.70,86.70,86.70,86.70,86.70,86.70,3.14,4.02,4.16,2.29,2.92,3.27,2.41,3.30,3.90,2.56
M,580,Johnson,6.5,6.5,Crystal Palace,85.50,61.80,61.80,61.80,61.80,61.80,61.80,58.65,58.65,58.65,3.54,2.83,2.68,2.60,2.62,3.31,3.31,2.57,2.49,2.74
M,581,Maddison,6.8,6.8,Spurs,0.00,0.00,0.00,0.00,0.00,0.00,0.00,0.00,0.00,0.00,0.00,0.00,0.00,0.00,0.00,0.00,0.00,0.00,0.00,0.00
M,582,Kudus,6.4,6.4,Spurs,0.00,41.10,54.15,83.55,83.55,83.55,83.55,83.55,83.55,83.55,0.00,2.56,3.11,3.76,3.99,4.25,3.33,3.97,4.44,3.49
M,583,Kulusevski,6.4,6.4,Spurs,0.00,0.00,0.00,0.00,0.00,0.00,0.00,0.00,0.00,0.00,0.00,0.00,0.00,0.00,0.00,0.00,0.00,0.00,0.00,0.00
M,584,Tel,6.2,6.2,Spurs,48.60,27.30,24.00,20.85,20.85,20.85,20.85,20.85,20.85,20.85,2.42,1.73,1.35,1.00,1.04,1.09,0.89,1.03,1.13,0.94
M,585,Bentancur,5.3,5.3,Spurs,76.20,76.20,69.75,69.75,69.75,69.75,69.75,69.75,69.75,69.75,3.29,3.33,3.06,2.77,2.99,3.02,2.57,2.82,3.00,2.71
M,586,Bergvall,5.3,5.3,Spurs,74.55,61.20,64.35,54.45,54.45,54.45,54.45,54.45,54.45,54.45,2.63,2.25,2.30,1.72,1.84,1.89,1.66,1.84,1.94,1.73
M,587,Bissouma,5.2,5.2,Spurs,0.00,0.00,0.00,0.00,0.00,0.00,0.00,0.00,0.00,0.00,0.00,0.00,0.00,0.00,0.00,0.00,0.00,0.00,0.00,0.00
M,588,Odobert,5.3,5.3,Spurs,16.20,43.50,37.80,32.10,32.10,32.10,32.10,32.10,32.10,32.10,0.80,2.53,2.03,1.44,1.53,1.59,1.35,1.52,1.65,1.39
M,591,Gray,4.8,4.8,Spurs,74.55,74.55,51.60,51.60,51.60,51.60,51.60,51.60,51.60,51.60,2.49,2.54,1.78,1.58,1.69,1.72,1.52,1.65,1.75,1.58
M,593,P.M.Sarr,4.5,4.5,Spurs,0.00,0.00,39.60,39.60,39.60,39.60,39.60,39.60,39.60,39.60,0.00,0.00,1.80,1.55,1.66,1.70,1.43,1.60,1.72,1.52
M,595,Olusesi,4.3,4.3,Spurs,0.30,0.30,0.30,0.30,0.30,0.30,0.30,0.30,0.30,0.30,0.01,0.01,0.01,0.01,0.01,0.01,0.01,0.01,0.01,0.01
F,596,Solanke,7.2,7.2,Spurs,0.00,0.00,0.00,45.45,45.45,45.45,45.45,45.45,45.45,45.45,0.00,0.00,0.00,2.19,2.26,2.38,1.92,2.26,2.47,2.05
F,597,Richarlison,6.4,6.4,Spurs,77.85,70.95,70.95,49.20,49.20,49.20,49.20,49.20,49.20,49.20,3.89,4.51,4.00,2.28,2.43,2.54,2.02,2.42,2.62,2.16
F,599,Scarlett,4.3,4.3,Spurs,0.75,0.75,0.75,0.75,0.75,0.75,0.75,0.75,0.75,0.75,0.03,0.04,0.04,0.03,0.03,0.04,0.03,0.03,0.04,0.03
G,600,Areola,4.3,4.3,West Ham,89.10,89.10,89.10,89.10,89.10,89.10,89.10,89.10,89.10,89.10,3.33,2.62,3.66,2.49,3.58,3.09,3.26,2.51,3.22,2.35
G,602,Hegyi,3.9,3.9,West Ham,0.00,0.00,0.00,0.00,0.00,0.00,0.00,0.00,0.00,0.00,0.00,0.00,0.00,0.00,0.00,0.00,0.00,0.00,0.00,0.00
D,603,Diouf,4.0,4.0,West Ham,0.00,0.00,83.25,83.25,83.25,83.25,83.25,83.25,83.25,83.25,0.00,0.00,3.56,2.03,3.70,2.94,3.13,2.18,2.85,1.93
D,605,Kilman,4.2,4.2,West Ham,81.60,69.90,50.70,50.70,50.70,50.70,50.70,50.70,50.70,50.70,3.21,2.43,2.20,1.46,2.32,1.96,2.05,1.61,1.89,1.35
D,606,Mavropanos,4.4,4.4,West Ham,79.80,69.45,55.65,55.65,55.65,55.65,55.65,55.65,55.65,55.65,3.69,2.83,2.82,1.87,2.97,2.52,2.63,2.03,2.38,1.76
D,608,Scarles,4.3,4.3,West Ham,85.50,85.50,19.65,19.65,19.65,19.65,19.65,19.65,19.65,19.65,3.44,2.91,0.84,0.66,0.84,0.78,0.81,0.66,0.75,0.66
D,609,Todibo,4.3,4.3,West Ham,42.15,78.30,78.30,78.30,78.30,78.30,78.30,78.30,78.30,78.30,1.67,2.59,3.38,2.03,3.52,2.85,2.99,2.23,2.78,1.89
D,610,Wan-Bissaka,4.1,4.1,West Ham,0.00,0.00,85.35,85.35,85.35,85.35,85.35,85.35,85.35,85.35,0.00,0.00,3.60,2.15,3.77,3.06,3.23,2.35,2.96,2.02
M,612,L.Paquetá,5.9,5.9,West Ham,45.00,82.50,82.50,82.50,82.50,82.50,82.50,82.50,82.50,82.50,2.36,3.92,4.40,3.66,4.47,4.32,4.42,3.38,3.78,3.60
M,613,Souček,5.7,5.7,West Ham,36.15,23.85,23.85,23.85,23.85,23.85,23.85,23.85,23.85,23.85,1.81,1.08,1.18,1.05,1.19,1.18,1.21,1.00,1.07,1.05
M,614,Ward-Prowse,5.6,5.6,West Ham,0.00,0.00,0.00,0.00,0.00,0.00,0.00,0.00,0.00,0.00,0.00,0.00,0.00,0.00,0.00,0.00,0.00,0.00,0.00,0.00
M,615,Summerville,5.5,5.5,West Ham,66.15,40.35,40.35,40.35,40.35,40.35,40.35,40.35,40.35,40.35,3.22,1.85,2.09,1.73,2.10,2.03,2.08,1.66,1.82,1.73
M,618,G.Rodriguez,4.8,4.8,West Ham,3.45,3.45,3.45,3.45,3.45,3.45,3.45,3.45,3.45,3.45,0.12,0.11,0.11,0.11,0.12,0.11,0.12,0.11,0.11,0.11
M,619,L.Guilherme,4.9,4.9,West Ham,6.60,6.60,6.60,6.60,6.60,6.60,6.60,6.60,6.60,6.60,0.30,0.28,0.31,0.27,0.31,0.30,0.31,0.26,0.28,0.27
M,620,Earthy,4.5,4.5,West Ham,0.00,0.00,0.00,0.00,0.00,0.00,0.00,0.00,0.00,0.00,0.00,0.00,0.00,0.00,0.00,0.00,0.00,0.00,0.00,0.00
M,621,Irving,4.3,4.3,West Ham,6.90,6.90,6.90,6.90,6.90,6.90,6.90,6.90,6.90,6.90,0.26,0.24,0.26,0.24,0.26,0.25,0.26,0.23,0.24,0.24
M,623,Potts,4.4,4.4,West Ham,75.45,75.45,75.45,75.45,75.45,75.45,75.45,75.45,75.45,75.45,2.64,2.54,2.63,2.38,2.65,2.58,2.59,2.30,2.43,2.32
F,624,Bowen,7.7,7.7,West Ham,87.60,87.60,87.60,87.60,87.60,87.60,87.60,87.60,87.60,87.60,4.52,4.10,4.61,3.78,4.63,4.55,4.83,3.59,4.02,3.89
F,626,Marshall,4.3,4.3,West Ham,4.65,4.65,4.65,4.65,4.65,4.65,4.65,4.65,4.65,4.65,0.26,0.24,0.27,0.23,0.27,0.26,0.27,0.22,0.24,0.23
G,627,Johnstone,4.4,4.4,Wolves,0.90,0.90,0.90,0.90,0.90,1.80,0.90,0.90,0.90,0.90,0.03,0.03,0.02,0.03,0.02,0.05,0.03,0.03,0.02,0.03
G,628,José Sá,4.2,4.2,Wolves,89.10,89.10,89.10,89.10,89.10,178.20,89.10,89.10,89.10,89.10,2.97,2.65,1.82,2.89,2.36,4.68,2.96,2.59,2.35,2.80
G,629,Bentley,3.9,3.9,Wolves,0.00,0.00,0.00,0.00,0.00,0.00,0.00,0.00,0.00,0.00,0.00,0.00,0.00,0.00,0.00,0.00,0.00,0.00,0.00,0.00
G,630,King,3.9,3.9,Everton,0.00,0.00,0.00,0.00,0.00,0.00,0.00,0.00,0.00,0.00,0.00,0.00,0.00,0.00,0.00,0.00,0.00,0.00,0.00,0.00
D,631,Agbadou,4.2,4.2,Wolves,0.00,0.00,64.50,64.50,64.50,129.00,64.50,64.50,64.50,64.50,0.00,0.00,1.46,2.68,2.06,4.26,2.66,2.39,2.26,2.69
D,632,Doherty,4.4,4.4,Wolves,69.30,62.10,43.50,43.50,43.50,87.00,43.50,43.50,43.50,43.50,2.72,2.26,0.93,1.75,1.37,2.69,1.66,1.59,1.44,1.67
D,633,H.Bueno,4.3,4.3,Wolves,77.85,77.85,73.95,73.95,73.95,147.90,73.95,73.95,73.95,73.95,2.99,2.72,1.37,2.82,2.22,4.22,2.70,2.62,2.26,2.67
D,634,Mosquera,4.3,4.3,Wolves,84.75,84.75,46.95,46.95,46.95,93.90,46.95,46.95,46.95,46.95,3.10,2.76,0.91,1.70,1.31,2.70,1.70,1.53,1.44,1.70
D,635,R.Gomes,4.4,4.4,Wolves,0.00,0.00,0.00,0.00,0.00,0.00,0.00,0.00,0.00,0.00,0.00,0.00,0.00,0.00,0.00,0.00,0.00,0.00,0.00,0.00
D,636,S.Bueno,4.4,4.4,Wolves,81.60,81.60,24.00,24.00,24.00,48.00,24.00,24.00,24.00,24.00,3.42,3.15,0.68,1.05,0.88,1.73,1.02,0.96,0.91,1.02
D,637,Toti,4.2,4.2,Wolves,0.00,0.00,64.50,64.50,64.50,129.00,64.50,64.50,64.50,64.50,0.00,0.00,1.06,2.16,1.65,3.38,2.17,1.94,1.79,2.16
D,638,Hoever,3.8,3.8,Wolves,12.15,12.15,12.15,12.15,12.15,24.30,12.15,12.15,12.15,12.15,0.47,0.47,0.36,0.50,0.44,0.84,0.47,0.46,0.45,0.47
D,641,Pond,3.9,3.9,Wolves,0.30,0.30,0.30,0.30,0.30,0.60,0.30,0.30,0.30,0.30,0.01,0.01,0.01,0.01,0.01,0.02,0.01,0.01,0.01,0.01
M,642,Hee Chan,5.6,5.6,Wolves,51.60,58.80,51.75,51.75,51.75,103.50,51.75,51.75,51.75,51.75,2.29,2.72,1.97,2.61,2.33,4.21,2.27,2.38,2.22,2.33
M,643,André,5.3,5.3,Wolves,64.95,68.40,68.40,68.40,68.40,136.80,68.40,68.40,68.40,68.40,2.65,2.73,2.52,2.77,2.67,5.15,2.66,2.74,2.52,2.66
M,644,Bellegarde,5.2,5.2,Wolves,0.00,0.00,25.65,25.65,25.65,51.30,25.65,25.65,25.65,25.65,0.00,0.00,0.94,1.11,1.04,1.93,1.02,1.05,1.01,1.03
M,645,Fer López,5.2,5.2,Wolves,30.15,26.85,12.60,12.60,12.60,25.20,12.60,12.60,12.60,12.60,1.25,1.19,0.50,0.61,0.57,1.04,0.55,0.57,0.55,0.56
M,646,Gomes,5.3,5.3,Wolves,62.85,75.75,75.75,75.75,75.75,151.50,75.75,75.75,75.75,75.75,2.69,3.21,2.87,3.34,3.17,5.92,3.12,3.23,2.96,3.10
M,648,Munetsi,5.3,5.3,Wolves,0.00,0.00,23.85,23.85,23.85,47.70,23.85,23.85,23.85,23.85,0.00,0.00,0.96,1.16,1.07,1.99,1.04,1.12,1.04,1.07
M,650,Chirewa,4.3,4.3,Wolves,0.00,0.00,2.25,2.25,2.25,4.50,2.25,2.25,2.25,2.25,0.00,0.00,0.08,0.10,0.09,0.17,0.09,0.09,0.09,0.09
M,651,Edozie,4.3,4.3,Wolves,0.00,0.00,0.00,0.00,0.00,0.00,0.00,0.00,0.00,0.00,0.00,0.00,0.00,0.00,0.00,0.00,0.00,0.00,0.00,0.00
M,652,Gonzalez,4.3,4.3,Wolves,2.85,2.85,2.85,2.85,2.85,5.70,2.85,2.85,2.85,2.85,0.12,0.12,0.11,0.13,0.12,0.23,0.12,0.12,0.12,0.12
F,654,Strand Larsen,6.1,6.1,Wolves,35.85,32.70,25.65,25.65,25.65,51.30,25.65,25.65,25.65,25.65,1.67,1.70,1.14,1.48,1.33,2.38,1.29,1.36,1.28,1.31
F,657,Chiwome,4.4,4.4,Wolves,0.00,0.00,0.00,0.00,0.00,0.00,0.00,0.00,0.00,0.00,0.00,0.00,0.00,0.00,0.00,0.00,0.00,0.00,0.00,0.00
F,658,Fraser,4.3,4.3,Wolves,0.30,0.30,0.30,0.30,0.30,0.60,0.30,0.30,0.30,0.30,0.01,0.02,0.01,0.02,0.02,0.03,0.01,0.02,0.01,0.01
D,659,Walker-Peters,4.2,4.2,West Ham,86.25,86.25,17.55,17.55,17.55,17.55,17.55,17.55,17.55,17.55,3.25,2.63,0.72,0.57,0.73,0.67,0.69,0.57,0.65,0.57
M,660,Stach,4.9,4.9,Leeds United,71.40,71.40,71.40,71.40,71.40,71.40,71.40,71.40,71.40,71.40,3.11,3.28,3.19,2.64,3.30,2.96,3.06,2.86,3.38,3.09
F,661,Ekitiké,9.0,9.0,Liverpool,53.10,77.10,77.10,77.10,77.10,61.35,61.35,61.35,61.35,61.35,2.23,5.52,4.24,4.37,3.95,3.28,3.17,3.88,3.65,3.51
D,662,Mosquera,5.3,5.3,Arsenal,0.00,7.50,7.50,7.50,7.50,15.00,7.50,7.50,7.50,7.50,0.00,0.28,0.28,0.28,0.29,0.57,0.28,0.27,0.27,0.29
M,663,J.Arias,4.9,4.9,Wolves,62.40,59.40,41.40,41.40,41.40,82.80,41.40,41.40,41.40,41.40,2.94,2.93,1.78,2.26,2.06,3.71,2.01,2.15,1.96,2.01
G,664,Lecomte,3.9,3.9,Fulham,0.90,0.90,0.90,0.90,0.90,0.90,0.90,0.90,0.90,0.90,0.03,0.03,0.03,0.03,0.04,0.02,0.03,0.03,0.03,0.03
G,665,Perri,4.5,4.5,Leeds United,89.10,89.10,89.10,89.10,89.10,89.10,89.10,89.10,89.10,89.10,2.56,3.48,3.38,2.35,3.29,2.41,2.70,2.32,3.75,3.33
F,666,Gyökeres,8.8,8.8,Arsenal,60.15,60.15,60.15,60.15,60.15,120.30,60.15,60.15,60.15,60.15,3.42,3.28,3.70,3.31,3.79,7.09,3.35,3.47,3.31,3.59
D,667,Aznou,4.2,4.2,Everton,2.10,2.10,2.10,2.10,2.10,2.10,2.10,2.10,2.10,2.10,0.09,0.08,0.09,0.08,0.08,0.09,0.08,0.08,0.09,0.08
M,668,Xhaka,5.2,5.2,Sunderland,87.75,87.75,87.75,87.75,87.75,87.75,87.75,87.75,87.75,87.75,3.50,3.74,3.66,4.07,2.97,3.43,3.60,3.72,3.47,3.83
M,669,Ndoye,5.5,5.5,Nott'm Forest,34.35,34.35,34.35,34.35,34.35,34.35,34.35,34.35,34.35,34.35,1.57,1.30,1.52,1.59,1.47,1.77,1.45,1.46,1.30,1.61
G,670,Roefs,4.9,4.9,Sunderland,89.10,89.10,89.10,89.10,89.10,89.10,89.10,89.10,89.10,89.10,3.10,3.68,3.39,4.07,2.37,2.93,3.65,3.33,3.43,3.38
F,671,Wilson,5.8,5.8,West Ham,0.00,0.00,0.00,0.00,0.00,0.00,0.00,0.00,0.00,0.00,0.00,0.00,0.00,0.00,0.00,0.00,0.00,0.00,0.00,0.00
D,672,Hato,4.6,4.6,Chelsea,2.85,2.85,2.85,2.85,2.85,2.85,2.85,2.85,2.85,2.85,0.12,0.13,0.12,0.13,0.13,0.13,0.14,0.10,0.11,0.12
M,673,J.Palhinha,5.5,5.5,Spurs,64.65,56.70,40.80,40.80,40.80,40.80,40.80,40.80,40.80,40.80,2.57,2.30,1.66,1.48,1.59,1.62,1.39,1.51,1.61,1.46
G,674,Ramsdale,4.8,4.8,Newcastle,0.90,0.90,0.90,0.90,0.90,0.90,0.90,0.90,0.90,0.90,0.03,0.03,0.03,0.03,0.03,0.03,0.02,0.04,0.03,0.03
G,675,Gunn,4.0,4.0,Nott'm Forest,0.00,0.00,0.00,0.00,0.00,0.00,0.00,0.00,0.00,0.00,0.00,0.00,0.00,0.00,0.00,0.00,0.00,0.00,0.00,0.00
M,676,Ugochukwu,5.0,5.0,Burnley,74.85,75.45,75.45,75.45,75.45,75.45,75.45,75.45,75.45,75.45,2.80,2.51,2.95,2.78,3.10,2.71,2.59,2.92,2.79,3.00
M,677,Guessand,6.2,6.2,Aston Villa,0.00,0.00,21.45,21.45,21.45,21.45,21.45,21.45,21.45,27.00,0.00,0.00,1.07,1.21,1.13,1.21,1.20,1.22,1.11,1.36
D,678,Masuaku,3.9,3.9,Sunderland,0.00,0.00,3.00,3.00,3.00,3.00,3.00,3.00,3.00,3.00,0.00,0.00,0.11,0.12,0.10,0.11,0.11,0.11,0.11,0.11
G,679,Hermansen,4.2,4.2,West Ham,0.90,0.90,0.90,0.90,0.90,0.90,0.90,0.90,0.90,0.90,0.03,0.03,0.03,0.02,0.03,0.03,0.03,0.02,0.03,0.02
F,680,Broja,5.2,5.2,Burnley,72.30,41.10,41.10,41.10,41.10,41.10,41.10,41.10,41.10,41.10,3.24,1.60,1.91,1.80,2.07,1.78,1.66,1.97,1.76,1.97
F,681,Šeško,7.2,7.2,Man Utd,77.40,74.10,67.20,67.20,67.20,67.20,67.20,67.20,67.20,67.20,4.28,3.33,2.40,3.29,3.35,3.24,2.96,3.30,2.88,3.25
D,682,Møller Wolfe,4.3,4.3,Wolves,22.05,22.05,22.05,22.05,22.05,44.10,22.05,22.05,22.05,22.05,0.85,0.83,0.56,0.89,0.76,1.43,0.82,0.83,0.75,0.82
D,683,Alderete,4.1,4.1,Sunderland,83.70,83.70,83.40,83.40,83.40,83.40,83.40,83.40,83.40,83.40,3.84,4.27,4.01,5.06,2.76,3.49,4.06,3.75,4.12,3.73
D,684,Thiaw,5.1,5.1,Newcastle,85.95,85.95,84.75,84.75,84.75,84.75,84.75,84.75,84.75,84.75,4.53,4.41,3.97,3.43,4.62,3.93,2.66,4.82,4.18,3.18
D,685,Diakité,4.3,4.3,Bournemouth,23.25,23.25,23.25,23.25,23.25,23.25,11.40,11.40,11.40,11.40,0.98,0.80,0.87,1.02,0.90,1.01,0.45,0.47,0.48,0.49
M,686,Ngumoha,4.3,4.3,Liverpool,12.15,12.15,8.25,8.25,8.25,5.85,5.85,5.85,5.85,5.85,0.53,0.80,0.45,0.46,0.43,0.31,0.30,0.36,0.34,0.33
M,687,Rees-Dottin,4.4,4.4,Bournemouth,2.40,2.40,2.40,2.40,2.40,2.40,2.40,2.40,2.40,2.40,0.15,0.13,0.13,0.15,0.14,0.13,0.14,0.15,0.15,0.15
G,688,Wright,3.9,3.9,Aston Villa,0.00,0.00,0.00,0.00,0.00,0.00,0.00,0.00,0.00,0.00,0.00,0.00,0.00,0.00,0.00,0.00,0.00,0.00,0.00,0.00
M,689,Seung soo,4.3,4.3,Newcastle,0.30,0.30,0.30,0.30,0.30,0.30,0.30,0.30,0.30,0.30,0.02,0.02,0.02,0.01,0.02,0.02,0.01,0.02,0.02,0.02
M,690,Cardines,4.4,4.4,Crystal Palace,1.20,1.20,1.20,1.20,1.20,1.20,1.20,1.20,1.20,1.20,0.04,0.04,0.04,0.04,0.04,0.05,0.05,0.04,0.04,0.04
F,691,Calvert-Lewin,5.9,5.9,Leeds United,70.95,70.95,70.95,70.95,70.95,70.95,70.95,70.95,70.95,70.95,3.19,3.69,3.22,2.78,3.47,3.05,3.10,3.08,3.62,3.24
D,692,Leoni,4.9,4.9,Liverpool,0.00,0.00,0.00,0.00,0.00,0.00,0.00,0.00,0.00,0.00,0.00,0.00,0.00,0.00,0.00,0.00,0.00,0.00,0.00,0.00
M,693,Hutchinson,5.4,5.4,Nott'm Forest,68.40,68.40,68.40,68.40,68.40,68.40,68.40,68.40,68.40,68.40,3.15,2.54,3.03,3.28,2.97,3.73,2.90,2.98,2.54,3.23
D,694,Mukiele,4.3,4.3,Sunderland,87.00,87.00,85.95,85.95,85.95,85.95,85.95,85.95,85.95,85.95,3.91,4.36,4.06,5.10,2.79,3.53,4.09,3.79,4.19,3.81
D,695,Tchatchoua,4.4,4.4,Wolves,56.10,56.10,56.10,56.10,56.10,112.20,56.10,56.10,56.10,56.10,2.09,1.95,1.03,2.08,1.67,3.19,1.98,1.92,1.69,1.97
F,696,Kalimuendo,6.0,6.0,Nott'm Forest,0.00,0.00,0.00,0.00,0.00,0.00,0.00,0.00,0.00,0.00,0.00,0.00,0.00,0.00,0.00,0.00,0.00,0.00,0.00,0.00
M,697,Adli,5.4,5.4,Bournemouth,24.90,35.10,35.10,35.10,35.10,35.10,35.10,18.15,18.15,18.15,1.32,1.62,1.62,1.86,1.78,1.69,1.81,1.00,0.98,1.02
M,698,Okafor,5.5,5.5,Leeds United,59.10,59.10,59.10,59.10,59.10,59.10,59.10,59.10,59.10,59.10,2.77,3.17,2.86,2.38,3.07,2.61,2.69,2.62,3.24,2.82
M,699,Douglas Luiz,4.9,4.9,Nott'm Forest,51.90,38.25,27.30,27.30,27.30,27.30,27.30,27.30,27.30,27.30,2.10,1.35,1.14,1.19,1.11,1.27,1.09,1.13,1.03,1.15
M,700,Dowman,4.3,4.3,Arsenal,1.80,1.80,1.80,1.80,1.80,3.60,1.80,1.80,1.80,1.80,0.10,0.10,0.11,0.10,0.11,0.20,0.10,0.10,0.10,0.10
M,702,Burrowes,4.4,4.4,Aston Villa,1.80,1.80,1.80,1.80,1.80,1.80,1.80,1.80,1.80,1.80,0.09,0.10,0.09,0.10,0.10,0.10,0.10,0.10,0.10,0.09
G,703,Proctor,3.9,3.9,Aston Villa,0.00,0.00,0.00,0.00,0.00,0.00,0.00,0.00,0.00,0.00,0.00,0.00,0.00,0.00,0.00,0.00,0.00,0.00,0.00,0.00
D,705,Campbell,3.9,3.9,Everton,1.20,1.20,1.20,1.20,1.20,1.20,1.20,1.20,1.20,1.20,0.05,0.05,0.05,0.05,0.05,0.05,0.05,0.05,0.05,0.05
D,706,Justin,3.9,3.9,Leeds United,56.85,15.15,15.15,15.15,15.15,15.15,15.15,15.15,15.15,15.15,2.00,0.60,0.59,0.51,0.58,0.51,0.54,0.50,0.61,0.58
M,707,Dibling,5.3,5.3,Everton,41.25,29.55,12.45,12.45,12.45,12.45,12.45,12.45,12.45,12.45,2.09,1.25,0.58,0.55,0.55,0.60,0.59,0.53,0.64,0.47
M,708,M.Fernandes,5.5,5.5,West Ham,78.45,71.70,71.70,71.70,71.70,71.70,71.70,71.70,71.70,71.70,3.87,3.24,3.38,3.03,3.48,3.43,3.46,2.83,3.03,2.93
D,709,Krejčí,4.5,4.5,Wolves,86.70,86.70,86.70,86.70,86.70,173.40,86.70,86.70,86.70,86.70,3.34,3.05,1.63,3.47,2.66,5.08,3.28,3.13,2.71,3.27
D,710,Patterson,3.9,3.9,Aston Villa,0.30,0.30,0.30,0.30,0.30,0.30,0.30,0.30,0.30,0.30,0.01,0.01,0.01,0.01,0.01,0.01,0.01,0.01,0.01,0.01
M,711,Harriman-Annous,4.5,4.5,Arsenal,0.30,0.30,0.30,0.30,0.30,0.60,0.30,0.30,0.30,0.30,0.02,0.02,0.02,0.02,0.02,0.04,0.02,0.02,0.02,0.02
M,712,Yeremy,5.8,5.8,Crystal Palace,85.50,75.30,42.00,42.00,42.00,42.00,42.00,34.35,34.35,34.35,3.70,3.77,1.98,1.88,1.91,2.39,2.34,1.59,1.60,1.73
D,713,A.Jimenez,4.5,4.5,Bournemouth,70.20,70.20,70.20,70.20,70.20,70.20,70.20,70.20,70.20,70.20,3.23,2.35,2.52,3.35,2.89,3.14,3.12,3.59,3.35,3.60
F,714,Woltemade,7.3,7.3,Newcastle,62.40,40.95,40.95,40.95,40.95,40.95,40.95,40.95,40.95,40.95,3.61,2.44,2.31,2.00,2.44,2.18,1.93,2.34,2.42,2.11
G,715,John,4.0,4.0,Nott'm Forest,0.90,18.00,18.00,18.00,18.00,18.00,18.00,18.00,18.00,18.00,0.03,0.47,0.61,0.67,0.64,0.72,0.54,0.56,0.42,0.67
D,716,Savona,4.5,4.5,Nott'm Forest,12.60,30.45,12.60,12.60,12.60,12.60,12.60,12.60,12.60,12.60,0.51,0.93,0.48,0.51,0.49,0.56,0.46,0.46,0.39,0.52
M,717,Xavi,6.5,6.5,Spurs,74.40,65.40,65.40,59.10,59.10,59.10,59.10,59.10,59.10,59.10,3.41,3.68,3.38,2.43,2.57,2.77,2.22,2.61,2.85,2.29
M,718,S.Magassa,5.0,5.0,West Ham,66.00,66.00,66.00,66.00,66.00,66.00,66.00,66.00,66.00,66.00,2.63,2.52,2.53,2.41,2.56,2.56,2.59,2.24,2.34,2.27
D,719,Lindelöf,4.5,4.5,Aston Villa,70.20,9.00,9.00,9.00,9.00,9.00,9.00,9.00,9.00,9.00,2.73,0.33,0.30,0.32,0.31,0.32,0.32,0.32,0.31,0.31
F,720,Tolu,5.4,5.4,Wolves,77.10,73.05,74.10,74.10,74.10,148.20,74.10,74.10,74.10,74.10,2.81,3.04,2.58,3.28,3.03,5.36,2.94,3.09,2.84,2.96
D,721,Milosavljević,4.4,4.4,Bournemouth,0.00,0.00,0.00,0.00,0.00,0.00,53.55,53.55,53.55,53.55,0.00,0.00,0.00,0.00,0.00,0.00,2.47,2.74,2.72,2.91
M,722,Florentino,5.0,5.0,Burnley,81.90,81.90,81.90,81.90,81.90,81.90,81.90,81.90,81.90,81.90,3.34,3.10,3.42,3.19,3.29,3.31,3.27,3.35,3.44,3.44
D,723,Canvot,4.5,4.5,Crystal Palace,82.35,23.70,7.05,7.05,7.05,7.05,7.05,7.05,7.05,7.05,3.60,1.21,0.29,0.31,0.30,0.37,0.35,0.31,0.31,0.35
D,724,Geertruida,4.5,4.5,Sunderland,70.20,47.25,16.35,16.35,16.35,16.35,16.35,16.35,16.35,16.35,2.75,2.15,0.71,0.84,0.52,0.63,0.71,0.67,0.70,0.69
D,725,Hincapie,5.3,5.3,Arsenal,81.60,15.00,15.00,15.00,15.00,30.00,15.00,15.00,15.00,15.00,4.03,0.66,0.69,0.69,0.73,1.40,0.67,0.64,0.65,0.73
F,726,Kolo Muani,6.9,6.9,Spurs,70.35,58.05,58.05,29.85,29.85,29.85,29.85,29.85,29.85,29.85,3.03,3.26,2.91,1.32,1.35,1.41,1.19,1.33,1.46,1.23
M,727,Chukwueze,5.3,5.3,Fulham,0.00,0.00,64.80,64.80,64.80,64.80,64.80,64.80,64.80,64.80,0.00,0.00,3.00,2.79,3.11,2.38,2.86,3.02,3.29,2.73
M,728,Röhl,5.0,5.0,Everton,70.95,30.90,16.80,16.80,16.80,16.80,16.80,16.80,16.80,16.80,3.56,1.24,0.67,0.65,0.64,0.69,0.68,0.63,0.74,0.57
F,730,Brobbey,5.5,5.5,Sunderland,69.30,69.30,66.90,66.90,66.90,66.90,66.90,66.90,66.90,66.90,3.00,3.35,3.12,3.65,2.35,2.85,3.15,3.04,2.94,3.16
M,731,Kevin,5.8,5.8,Fulham,51.00,35.55,23.25,23.25,23.25,23.25,23.25,23.25,23.25,23.25,2.34,1.55,1.13,1.05,1.13,0.93,1.07,1.13,1.21,1.03
F,732,Uche,5.5,5.5,Crystal Palace,40.05,27.90,16.35,16.35,16.35,16.35,16.35,5.70,5.70,5.70,1.84,1.42,0.82,0.80,0.81,0.99,0.96,0.29,0.29,0.31
G,733,Lammens,5.0,5.0,Man Utd,89.10,89.10,89.10,89.10,89.10,89.10,89.10,89.10,89.10,89.10,3.76,2.33,2.14,3.45,3.13,3.26,3.41,3.55,2.76,3.00
M,734,Bakwa,5.9,5.9,Nott'm Forest,24.15,24.15,24.15,24.15,24.15,24.15,24.15,24.15,24.15,24.15,1.05,0.86,1.00,1.07,1.00,1.22,0.97,0.99,0.87,1.07
M,735,Traoré,5.5,5.5,Sunderland,0.00,0.00,59.25,59.25,59.25,59.25,59.25,59.25,59.25,59.25,0.00,0.00,2.67,3.06,1.98,2.41,2.72,2.52,2.47,2.70
G,736,Donnarumma,5.7,5.7,Man City,89.10,89.10,89.10,89.10,89.10,89.10,89.10,89.10,89.10,89.10,3.28,3.15,3.84,3.16,2.79,3.67,3.29,3.46,3.53,3.47
F,737,Kusi-Asare,4.5,4.5,Fulham,14.70,14.70,14.70,14.70,14.70,14.70,2.70,2.70,2.70,2.70,0.74,0.71,0.76,0.71,0.76,0.63,0.14,0.14,0.15,0.13
G,738,Fabianski,4.5,4.5,West Ham,0.00,0.00,0.00,0.00,0.00,0.00,0.00,0.00,0.00,0.00,0.00,0.00,0.00,0.00,0.00,0.00,0.00,0.00,0.00,0.00
M,739,Mukasa,4.4,4.4,Man City,0.60,0.60,0.60,0.60,0.60,0.60,0.60,0.60,0.60,0.60,0.03,0.03,0.03,0.03,0.03,0.03,0.03,0.03,0.03,0.03
D,740,Mfuni,3.9,3.9,Man City,38.40,28.05,21.15,21.15,21.15,21.15,3.00,3.00,3.00,3.00,1.55,1.06,0.86,0.79,0.73,0.83,0.11,0.11,0.11,0.11
F,741,Gray,4.5,4.5,Leeds United,0.00,0.00,0.00,0.00,0.00,0.00,0.00,0.00,0.00,0.00,0.00,0.00,0.00,0.00,0.00,0.00,0.00,0.00,0.00,0.00
M,742,McAidoo,4.5,4.5,Man City,0.30,0.30,0.30,0.30,0.30,0.30,0.30,0.30,0.30,0.30,0.02,0.02,0.02,0.02,0.01,0.02,0.02,0.02,0.02,0.02
M,743,Emenalo,4.5,4.5,Chelsea,0.00,0.00,0.00,0.00,0.00,0.00,0.00,0.00,0.00,0.00,0.00,0.00,0.00,0.00,0.00,0.00,0.00,0.00,0.00,0.00
M,744,Oriola,4.5,4.5,Brighton,0.00,0.00,0.00,0.00,0.00,0.00,0.00,0.00,0.00,0.00,0.00,0.00,0.00,0.00,0.00,0.00,0.00,0.00,0.00,0.00
D,745,Byfield,4.0,4.0,Spurs,0.00,0.00,0.00,0.00,0.00,0.00,0.00,0.00,0.00,0.00,0.00,0.00,0.00,0.00,0.00,0.00,0.00,0.00,0.00,0.00
M,746,Morrison,4.5,4.5,Liverpool,0.00,0.00,0.00,0.00,0.00,0.00,0.00,0.00,0.00,0.00,0.00,0.00,0.00,0.00,0.00,0.00,0.00,0.00,0.00,0.00
D,747,Mayers,4.0,4.0,West Ham,13.20,1.50,1.50,1.50,1.50,1.50,1.50,1.50,1.50,1.50,0.58,0.06,0.06,0.05,0.06,0.06,0.06,0.05,0.06,0.06
M,748,Dasilva,4.9,4.9,Brentford,0.00,0.00,0.00,0.00,0.00,0.00,0.00,0.00,0.00,0.00,0.00,0.00,0.00,0.00,0.00,0.00,0.00,0.00,0.00,0.00
F,749,Mané,4.5,4.5,Wolves,63.30,60.15,48.90,48.90,48.90,97.80,48.90,48.90,48.90,48.90,2.25,2.35,1.63,2.00,1.85,3.41,1.81,1.89,1.81,1.82
D,750,Rowswell,4.0,4.0,Spurs,0.00,0.00,0.00,0.00,0.00,0.00,0.00,0.00,0.00,0.00,0.00,0.00,0.00,0.00,0.00,0.00,0.00,0.00,0.00,0.00
M,751,Akhamrich,4.5,4.5,Spurs,0.00,0.00,0.00,0.00,0.00,0.00,0.00,0.00,0.00,0.00,0.00,0.00,0.00,0.00,0.00,0.00,0.00,0.00,0.00,0.00
D,752,Golambeckis,4.0,4.0,West Ham,0.00,0.00,0.00,0.00,0.00,0.00,0.00,0.00,0.00,0.00,0.00,0.00,0.00,0.00,0.00,0.00,0.00,0.00,0.00,0.00
G,753,Ruddy,4.0,4.0,Newcastle,0.00,0.00,0.00,0.00,0.00,0.00,0.00,0.00,0.00,0.00,0.00,0.00,0.00,0.00,0.00,0.00,0.00,0.00,0.00,0.00
M,754,George Hemmings,4.5,4.5,Aston Villa,0.00,0.00,0.00,0.00,0.00,0.00,0.00,0.00,0.00,0.00,0.00,0.00,0.00,0.00,0.00,0.00,0.00,0.00,0.00,0.00
M,755,Lacey,4.5,4.5,Man Utd,1.50,1.50,1.50,1.50,1.50,1.50,1.50,1.50,1.50,1.50,0.08,0.07,0.06,0.08,0.08,0.08,0.07,0.08,0.07,0.08
M,756,DaCosta,4.5,4.5,Bournemouth,0.30,0.30,0.30,0.30,0.30,0.30,0.30,0.30,0.30,0.30,0.01,0.01,0.01,0.01,0.01,0.01,0.01,0.01,0.01,0.01
G,757,Hollingshead,4.0,4.0,Aston Villa,0.00,0.00,0.00,0.00,0.00,0.00,0.00,0.00,0.00,0.00,0.00,0.00,0.00,0.00,0.00,0.00,0.00,0.00,0.00,0.00
M,758,Mohamadou Kanté,4.5,4.5,West Ham,0.00,0.00,0.00,0.00,0.00,0.00,0.00,0.00,0.00,0.00,0.00,0.00,0.00,0.00,0.00,0.00,0.00,0.00,0.00,0.00
D,759,Salmon,4.0,4.0,Arsenal,0.00,0.00,0.00,0.00,0.00,0.00,0.00,0.00,0.00,0.00,0.00,0.00,0.00,0.00,0.00,0.00,0.00,0.00,0.00,0.00
D,760,Lucky,4.0,4.0,Liverpool,0.30,0.30,0.30,0.30,0.30,0.30,0.30,0.30,0.30,0.30,0.01,0.01,0.01,0.01,0.01,0.01,0.01,0.01,0.01,0.01
D,761,Simmonds,4.0,4.0,Brighton,0.30,0.30,0.30,0.30,0.30,0.30,0.30,0.30,0.30,0.30,0.01,0.01,0.01,0.01,0.01,0.01,0.01,0.01,0.01,0.01
M,762,Drakes-Thomas,4.5,4.5,Crystal Palace,15.00,1.20,1.20,1.20,1.20,1.20,1.20,1.20,1.20,1.20,0.66,0.05,0.05,0.05,0.05,0.06,0.06,0.05,0.05,0.05
M,763,Gray,4.5,4.5,Man City,0.30,0.30,0.30,0.30,0.30,0.30,0.30,0.30,0.30,0.30,0.01,0.01,0.01,0.01,0.01,0.01,0.01,0.01,0.01,0.01
M,764,Heskey,4.5,4.5,Man City,0.30,0.30,0.30,0.30,0.30,0.30,0.30,0.30,0.30,0.30,0.02,0.02,0.02,0.02,0.01,0.02,0.02,0.02,0.02,0.02
D,765,Shahar,4.0,4.0,Newcastle,1.20,1.20,1.20,1.20,1.20,1.20,1.20,1.20,1.20,1.20,0.05,0.05,0.05,0.05,0.05,0.05,0.05,0.05,0.05,0.05
D,766,Olagunju,4.0,4.0,Wolves,0.30,0.30,0.30,0.30,0.30,0.60,0.30,0.30,0.30,0.30,0.01,0.01,0.01,0.01,0.01,0.02,0.01,0.01,0.01,0.01
M,767,Rawlings,4.5,4.5,Wolves,0.00,0.00,0.00,0.00,0.00,0.00,0.00,0.00,0.00,0.00,0.00,0.00,0.00,0.00,0.00,0.00,0.00,0.00,0.00,0.00
D,768,Leon Routh,4.0,4.0,Aston Villa,0.30,0.30,0.30,0.30,0.30,0.30,0.30,0.30,0.30,0.30,0.01,0.01,0.01,0.01,0.01,0.01,0.01,0.01,0.01,0.01
M,769,Bendito Mantato,4.5,4.5,Man Utd,1.50,1.50,1.50,1.50,1.50,1.50,1.50,1.50,1.50,1.50,0.07,0.06,0.06,0.07,0.07,0.07,0.07,0.07,0.07,0.07
M,770,Ridgeon,4.5,4.5,Fulham,0.30,0.30,0.30,0.30,0.30,0.30,0.30,0.30,0.30,0.30,0.01,0.01,0.01,0.01,0.01,0.01,0.01,0.01,0.01,0.01
M,771,Fletcher,4.5,4.5,Man Utd,0.30,0.30,0.30,0.30,0.30,0.30,0.30,0.30,0.30,0.30,0.01,0.01,0.01,0.01,0.01,0.01,0.01,0.01,0.01,0.01
M,772,Alabi,4.5,4.5,Newcastle,0.00,0.00,0.00,0.00,0.00,0.00,0.00,0.00,0.00,0.00,0.00,0.00,0.00,0.00,0.00,0.00,0.00,0.00,0.00,0.00
D,773,Benamar,4.0,4.0,Crystal Palace,0.00,0.00,0.00,0.00,0.00,0.00,0.00,0.00,0.00,0.00,0.00,0.00,0.00,0.00,0.00,0.00,0.00,0.00,0.00,0.00
D,774,Jenson Jones,4.0,4.0,Sunderland,0.00,0.00,0.00,0.00,0.00,0.00,0.00,0.00,0.00,0.00,0.00,0.00,0.00,0.00,0.00,0.00,0.00,0.00,0.00,0.00
M,775,Tutierov,4.5,4.5,Sunderland,0.00,0.00,0.00,0.00,0.00,0.00,0.00,0.00,0.00,0.00,0.00,0.00,0.00,0.00,0.00,0.00,0.00,0.00,0.00,0.00
M,776,Pimlott,4.5,4.5,Burnley,0.00,0.00,0.00,0.00,0.00,0.00,0.00,0.00,0.00,0.00,0.00,0.00,0.00,0.00,0.00,0.00,0.00,0.00,0.00,0.00
M,777,Ojinnaka,4.5,4.5,Wolves,0.30,0.30,0.30,0.30,0.30,0.60,0.30,0.30,0.30,0.30,0.01,0.01,0.01,0.01,0.01,0.02,0.01,0.01,0.01,0.01
M,778,Sutherland,4.5,4.5,Wolves,0.00,0.00,0.00,0.00,0.00,0.00,0.00,0.00,0.00,0.00,0.00,0.00,0.00,0.00,0.00,0.00,0.00,0.00,0.00,0.00
F,779,Graham,4.5,4.5,Everton,0.00,0.00,0.00,0.00,0.00,0.00,0.00,0.00,0.00,0.00,0.00,0.00,0.00,0.00,0.00,0.00,0.00,0.00,0.00,0.00
F,780,Casey,4.5,4.5,Crystal Palace,0.30,0.30,0.30,0.30,0.30,0.30,0.30,0.30,0.30,0.30,0.02,0.02,0.02,0.02,0.02,0.02,0.02,0.02,0.02,0.02
D,781,Carroll,4.0,4.0,Aston Villa,0.30,0.30,0.30,0.30,0.30,0.30,0.30,0.30,0.30,0.30,0.01,0.01,0.01,0.01,0.01,0.01,0.01,0.01,0.01,0.01
G,782,Forster,4.0,4.0,Bournemouth,0.90,0.90,0.90,0.90,0.90,0.90,0.90,0.90,0.90,0.90,0.03,0.03,0.03,0.03,0.03,0.03,0.03,0.03,0.03,0.03
M,783,Groß,5.5,5.5,Brighton,78.45,67.80,67.80,67.80,67.80,67.80,67.80,67.80,67.80,67.80,2.61,2.89,2.53,2.77,2.74,2.41,2.57,2.72,2.22,2.63
M,784,Brierley,4.5,4.5,Burnley,0.00,0.00,0.00,0.00,0.00,0.00,0.00,0.00,0.00,0.00,0.00,0.00,0.00,0.00,0.00,0.00,0.00,0.00,0.00,0.00
F,785,Pablo,5.5,5.5,West Ham,17.55,21.45,21.45,21.45,21.45,21.45,21.45,21.45,21.45,21.45,0.92,1.02,1.15,0.97,1.15,1.13,1.19,0.96,1.03,0.99
G,786,McNally,4.0,4.0,Fulham,0.00,0.00,0.00,0.00,0.00,0.00,0.00,0.00,0.00,0.00,0.00,0.00,0.00,0.00,0.00,0.00,0.00,0.00,0.00,0.00
M,787,Chambers,4.5,4.5,Leeds United,0.00,0.00,0.00,0.00,0.00,0.00,0.00,0.00,0.00,0.00,0.00,0.00,0.00,0.00,0.00,0.00,0.00,0.00,0.00,0.00
D,788,Kukonki,4.0,4.0,Man Utd,0.00,0.00,0.00,0.00,0.00,0.00,0.00,0.00,0.00,0.00,0.00,0.00,0.00,0.00,0.00,0.00,0.00,0.00,0.00,0.00
G,789,Merrick,4.0,4.0,Chelsea,0.00,0.00,0.00,0.00,0.00,0.00,0.00,0.00,0.00,0.00,0.00,0.00,0.00,0.00,0.00,0.00,0.00,0.00,0.00,0.00
M,790,Williams-Barnett,4.5,4.5,Spurs,0.00,0.00,0.00,0.00,0.00,0.00,0.00,0.00,0.00,0.00,0.00,0.00,0.00,0.00,0.00,0.00,0.00,0.00,0.00,0.00